Province/State,Country/Region,Lat,Long,1/22/20,1/23/20,1/24/20,1/25/20,1/26/20,1/27/20,1/28/20,1/29/20,1/30/20,1/31/20,2/1/20,2/2/20,2/3/20,2/4/20,2/5/20,2/6/20,2/7/20,2/8/20,2/9/20,2/10/20,2/11/20,2/12/20,2/13/20,2/14/20,2/15/20,2/16/20,2/17/20,2/18/20,2/19/20,2/20/20,2/21/20,2/22/20,2/23/20,2/24/20,2/25/20,2/26/20,2/27/20,2/28/20,2/29/20,3/1/20,3/2/20,3/3/20,3/4/20,3/5/20,3/6/20,3/7/20,3/8/20,3/9/20,3/10/20,3/11/20,3/12/20,3/13/20,3/14/20,3/15/20,3/16/20,3/17/20,3/18/20,3/19/20,3/20/20,3/21/20,3/22/20,3/23/20,3/24/20,3/25/20,3/26/20,3/27/20,3/28/20,3/29/20,3/30/20,3/31/20,4/1/20,4/2/20,4/3/20,4/4/20,4/5/20,4/6/20,4/7/20,4/8/20,4/9/20,4/10/20,4/11/20,4/12/20,4/13/20,4/14/20,4/15/20,4/16/20,4/17/20,4/18/20,4/19/20,4/20/20,4/21/20,4/22/20,4/23/20,4/24/20,4/25/20,4/26/20,4/27/20,4/28/20,4/29/20,4/30/20,5/1/20,5/2/20,5/3/20,5/4/20,5/5/20,5/6/20,5/7/20,5/8/20,5/9/20,5/10/20,5/11/20,5/12/20,5/13/20,5/14/20,5/15/20,5/16/20,5/17/20,5/18/20,5/19/20,5/20/20,5/21/20,5/22/20,5/23/20,5/24/20,5/25/20,5/26/20,5/27/20,5/28/20,5/29/20,5/30/20,5/31/20,6/1/20,6/2/20,6/3/20,6/4/20,6/5/20,6/6/20,6/7/20,6/8/20,6/9/20,6/10/20,6/11/20,6/12/20,6/13/20,6/14/20,6/15/20,6/16/20,6/17/20,6/18/20,6/19/20,6/20/20,6/21/20,6/22/20,6/23/20,6/24/20,6/25/20,6/26/20,6/27/20,6/28/20,6/29/20,6/30/20,7/1/20,7/2/20,7/3/20,7/4/20,7/5/20,7/6/20,7/7/20,7/8/20,7/9/20,7/10/20,7/11/20,7/12/20,7/13/20,7/14/20,7/15/20,7/16/20,7/17/20,7/18/20,7/19/20,7/20/20,7/21/20,7/22/20,7/23/20,7/24/20,7/25/20,7/26/20,7/27/20,7/28/20,7/29/20,7/30/20,7/31/20,8/1/20,8/2/20,8/3/20,8/4/20,8/5/20,8/6/20,8/7/20,8/8/20,8/9/20,8/10/20,8/11/20,8/12/20,8/13/20,8/14/20,8/15/20,8/16/20,8/17/20,8/18/20,8/19/20,8/20/20,8/21/20,8/22/20,8/23/20,8/24/20,8/25/20,8/26/20,8/27/20,8/28/20,8/29/20,8/30/20,8/31/20,9/1/20,9/2/20,9/3/20,9/4/20,9/5/20,9/6/20,9/7/20,9/8/20,9/9/20,9/10/20,9/11/20,9/12/20,9/13/20,9/14/20,9/15/20,9/16/20,9/17/20,9/18/20,9/19/20,9/20/20,9/21/20,9/22/20,9/23/20,9/24/20,9/25/20,9/26/20,9/27/20,9/28/20,9/29/20,9/30/20,10/1/20,10/2/20,10/3/20,10/4/20,10/5/20,10/6/20,10/7/20,10/8/20,10/9/20,10/10/20,10/11/20,10/12/20,10/13/20,10/14/20,10/15/20,10/16/20,10/17/20,10/18/20,10/19/20,10/20/20,10/21/20,10/22/20,10/23/20,10/24/20,10/25/20,10/26/20,10/27/20,10/28/20,10/29/20,10/30/20,10/31/20,11/1/20,11/2/20,11/3/20,11/4/20,11/5/20,11/6/20,11/7/20,11/8/20,11/9/20,11/10/20,11/11/20,11/12/20,11/13/20,11/14/20,11/15/20,11/16/20,11/17/20,11/18/20,11/19/20,11/20/20,11/21/20,11/22/20,11/23/20,11/24/20,11/25/20,11/26/20,11/27/20,11/28/20,11/29/20,11/30/20,12/1/20,12/2/20,12/3/20,12/4/20,12/5/20,12/6/20,12/7/20,12/8/20,12/9/20
Anhui,China,31.8257,117.2264,1,9,15,39,60,70,106,152,200,237,297,340,408,480,530,591,665,733,779,830,860,889,910,934,950,962,973,982,986,987,988,989,989,989,989,989,989,990,990,990,990,990,990,990,990,990,990,990,990,990,990,990,990,990,990,990,990,990,990,990,990,990,990,990,990,990,990,990,990,990,990,990,990,990,990,990,990,990,991,991,991,991,991,991,991,991,991,991,991,991,991,991,991,991,991,991,991,991,991,991,991,991,991,991,991,991,991,991,991,991,991,991,991,991,991,991,991,991,991,991,991,991,991,991,991,991,991,991,991,991,991,991,991,991,991,991,991,991,991,991,991,991,991,991,991,991,991,991,991,991,991,991,991,991,991,991,991,991,991,991,991,991,991,991,991,991,991,991,991,991,991,991,991,991,991,991,991,991,991,991,991,991,991,991,991,991,991,991,991,991,991,991,991,991,991,991,991,991,991,991,991,991,991,991,991,991,991,991,991,991,991,991,991,991,991,991,991,991,991,991,991,991,991,991,991,991,991,991,991,991,991,991,991,991,991,991,991,991,991,991,991,991,991,991,991,991,991,991,991,991,991,991,991,991,991,991,991,991,991,991,991,991,991,991,991,991,991,991,991,991,991,991,991,991,991,991,991,991,991,991,991,991,991,991,991,991,991,991,991,991,991,991,991,992,992,992,992,992,992,992,992,992,992,992,992,992,992,992,992,992,992,992,992,992,992,992,992,992,992,992,992,992,992
Beijing,China,40.1824,116.4142,14,22,36,41,68,80,91,111,114,139,168,191,212,228,253,274,297,315,326,337,342,352,366,372,375,380,381,387,393,395,396,399,399,399,400,400,410,410,411,413,414,414,418,418,422,426,428,428,429,435,435,436,437,442,452,456,469,480,491,504,522,537,558,561,566,569,573,577,577,580,580,582,584,585,586,587,587,588,588,588,589,589,589,589,590,593,593,593,593,593,593,593,593,593,593,593,593,593,593,593,593,593,593,593,593,593,593,593,593,593,593,593,593,593,593,593,593,593,593,593,593,593,593,593,593,593,593,593,593,593,593,593,593,594,594,594,594,594,594,594,594,595,601,637,673,700,731,752,777,777,821,830,843,850,863,874,891,905,912,919,922,923,925,926,928,929,929,929,929,929,929,929,929,929,929,929,929,929,929,929,929,929,929,929,929,929,929,931,932,933,933,933,933,933,933,934,934,935,935,935,935,935,935,935,935,935,935,935,935,935,935,935,935,935,935,935,935,935,935,935,935,935,935,935,935,935,935,935,935,935,935,935,935,935,935,935,935,935,935,935,935,935,935,935,935,935,936,936,936,936,936,936,936,936,936,936,936,936,936,936,936,936,936,937,937,937,937,937,937,937,937,938,938,938,938,940,940,940,941,941,942,942,942,942,942,944,944,945,945,945,945,945,947,947,947,947,947,947,947,947,947,947,948,948,949,950,950,950,950,950,950,950,950,951,951,951,951,952,952,952,952,952,952
Chongqing,China,30.0572,107.874,6,9,27,57,75,110,132,147,182,211,247,300,337,366,389,411,426,428,468,486,505,518,529,537,544,551,553,555,560,567,572,573,575,576,576,576,576,576,576,576,576,576,576,576,576,576,576,576,576,576,576,576,576,576,576,576,576,576,576,576,577,578,578,578,578,578,578,579,579,579,579,579,579,579,579,579,579,579,579,579,579,579,579,579,579,579,579,579,579,579,579,579,579,579,579,579,579,579,579,579,579,579,579,579,579,579,579,579,579,579,579,579,579,579,579,579,579,579,579,579,579,579,579,579,579,579,579,579,579,579,579,579,579,579,579,579,579,579,579,579,579,579,579,580,582,582,582,582,582,582,582,582,582,582,582,582,582,582,582,582,582,582,582,582,582,582,582,582,582,582,582,582,582,582,583,583,583,583,583,583,583,583,583,583,583,583,583,583,583,583,583,583,583,583,583,583,583,583,583,583,583,583,583,583,583,583,583,583,583,583,583,583,583,583,583,583,583,583,583,583,583,583,583,583,583,583,583,583,584,584,584,584,584,584,584,584,584,584,584,584,584,584,584,584,584,584,584,584,584,584,584,584,584,585,585,585,585,585,585,585,585,585,585,585,585,585,585,586,586,586,586,587,587,587,589,589,589,589,589,589,589,589,589,589,589,589,589,589,589,589,589,589,589,589,589,589,589,589,589,589,589,590,590,590,590,590,590,590,590,590,590,590,590,590,590,590,590,590,590,590,590,590,590
Fujian,China,26.0789,117.9874,1,5,10,18,35,59,80,84,101,120,144,159,179,194,205,215,224,239,250,261,267,272,279,281,285,287,290,292,293,293,293,293,293,293,294,294,296,296,296,296,296,296,296,296,296,296,296,296,296,296,296,296,296,296,296,296,296,296,299,303,313,313,318,322,328,331,337,338,340,343,345,345,349,350,350,350,351,351,351,351,351,352,352,353,353,353,354,355,355,355,355,355,355,355,355,355,355,355,355,356,356,356,356,356,356,356,356,356,356,356,356,356,356,356,356,356,356,356,356,356,356,356,356,356,357,357,358,358,358,358,358,358,358,358,358,358,359,359,359,359,360,361,361,361,362,362,362,362,362,362,363,363,363,363,363,363,363,363,363,363,363,363,363,363,363,363,363,363,363,363,363,363,363,363,363,363,363,364,364,364,364,364,364,364,364,365,366,366,366,366,366,366,367,367,367,367,367,367,367,367,367,367,368,368,368,368,369,370,370,370,370,370,371,372,375,375,375,375,376,378,380,382,383,383,383,384,385,386,386,387,387,387,387,388,388,390,390,392,392,393,394,395,396,396,396,396,396,397,401,403,404,409,409,411,411,411,413,413,413,413,414,414,415,416,416,416,416,417,417,417,417,418,419,420,427,429,429,430,431,431,432,436,436,437,437,441,443,444,446,455,456,456,459,459,460,460,461,461,461,461,461,463,469,469,473,474,478,479,480,481,483,487,487,489,490,490,492,493,499,500,500,500,501
Gansu,China,35.7518,104.2861,0,2,2,4,7,14,19,24,26,29,40,51,55,57,62,62,67,79,83,83,86,87,90,90,90,90,91,91,91,91,91,91,91,91,91,91,91,91,91,91,91,91,91,102,119,120,124,124,125,127,127,127,129,133,133,133,133,134,134,134,136,136,136,136,136,136,136,138,138,138,138,138,138,138,138,139,139,139,139,139,139,139,139,139,139,139,139,139,139,139,139,139,139,139,139,139,139,139,139,139,139,139,139,139,139,139,139,139,139,139,139,139,139,139,139,139,139,139,139,139,139,139,139,139,139,139,139,139,139,139,139,139,139,139,139,139,139,139,139,139,139,139,139,139,139,139,149,150,151,151,151,151,158,158,161,161,162,163,163,164,164,164,164,164,167,167,167,167,167,167,167,167,167,167,167,167,167,167,167,167,167,167,167,167,167,167,167,167,167,167,167,167,167,167,167,167,167,167,167,167,167,169,169,169,169,169,169,169,169,169,169,169,169,169,169,169,169,169,169,169,169,169,169,169,169,169,169,170,170,170,170,170,170,170,170,170,170,170,170,170,170,170,170,170,170,170,170,170,170,170,170,170,170,170,170,170,170,170,170,170,170,170,170,170,170,170,170,170,170,170,170,170,170,170,170,170,170,170,170,170,170,170,170,177,180,180,180,180,180,180,180,180,180,180,180,181,181,181,181,181,181,181,181,181,181,181,181,181,181,181,181,182,182,182,182,182,182,182,182,182,182,182,182
Guangdong,China,23.3417,113.4244,26,32,53,78,111,151,207,277,354,436,535,632,725,813,895,970,1034,1095,1131,1159,1177,1219,1241,1261,1294,1316,1322,1328,1331,1332,1333,1339,1342,1345,1347,1347,1347,1348,1349,1349,1350,1350,1350,1351,1352,1352,1352,1352,1353,1356,1356,1356,1356,1360,1361,1364,1370,1378,1395,1400,1413,1415,1428,1433,1448,1456,1467,1475,1484,1494,1501,1507,1514,1516,1524,1532,1533,1536,1539,1544,1548,1552,1555,1564,1566,1571,1577,1579,1580,1581,1582,1582,1585,1585,1586,1587,1587,1588,1588,1588,1588,1588,1588,1588,1588,1589,1589,1589,1589,1589,1589,1589,1589,1589,1589,1590,1590,1590,1590,1590,1590,1591,1592,1592,1592,1592,1592,1592,1593,1593,1595,1596,1597,1598,1598,1601,1602,1602,1604,1604,1607,1607,1608,1625,1625,1628,1628,1628,1631,1631,1634,1634,1634,1634,1635,1635,1637,1637,1637,1641,1641,1642,1642,1643,1643,1643,1643,1645,1647,1647,1647,1648,1650,1650,1650,1650,1654,1657,1659,1659,1659,1661,1662,1667,1669,1672,1672,1672,1674,1675,1678,1680,1682,1683,1687,1687,1687,1687,1688,1693,1696,1699,1699,1707,1707,1709,1712,1720,1721,1725,1725,1725,1725,1727,1727,1730,1734,1734,1735,1737,1738,1739,1740,1742,1745,1758,1760,1763,1767,1769,1769,1770,1774,1776,1777,1778,1782,1783,1784,1787,1793,1797,1800,1803,1807,1807,1809,1812,1814,1819,1819,1827,1827,1831,1834,1840,1841,1846,1848,1848,1851,1852,1858,1861,1863,1869,1873,1875,1877,1881,1884,1889,1892,1895,1895,1904,1907,1908,1909,1911,1914,1916,1919,1922,1927,1935,1938,1938,1941,1943,1945,1949,1955,1955,1956,1956,1963,1966,1968,1971,1972,1973,1975,1975,1975,1979,1983,1984,1988,1988,1988,1988,1989,1989,1992,1996,1997,2000,2002,2004,2007,2009,2010
Guangxi,China,23.8298,108.7881,2,5,23,23,36,46,51,58,78,87,100,111,127,139,150,168,172,183,195,210,215,222,222,226,235,237,238,242,244,245,246,249,249,251,252,252,252,252,252,252,252,252,252,252,252,252,252,252,252,252,252,252,252,252,252,253,253,253,254,254,254,254,254,254,254,254,254,254,254,254,254,254,254,254,254,254,254,254,254,254,254,254,254,254,254,254,254,254,254,254,254,254,254,254,254,254,254,254,254,254,254,254,254,254,254,254,254,254,254,254,254,254,254,254,254,254,254,254,254,254,254,254,254,254,254,254,254,254,254,254,254,254,254,254,254,254,254,254,254,254,254,254,254,254,254,254,254,254,254,254,254,254,254,254,254,254,254,254,254,254,254,254,254,254,254,254,254,254,254,254,254,254,254,254,254,254,255,255,255,255,255,255,255,255,255,255,255,255,255,255,255,255,255,255,255,255,255,255,255,255,255,255,255,255,255,255,255,255,255,255,255,255,255,255,255,255,255,255,255,255,255,255,255,255,255,257,257,257,257,257,257,257,257,257,258,258,258,258,258,258,258,258,258,258,258,259,259,259,259,259,259,259,259,259,259,260,260,260,260,260,260,260,260,260,260,260,260,260,260,260,260,260,260,260,260,260,260,260,260,260,260,260,260,260,260,260,260,260,260,260,260,260,260,260,260,260,260,260,260,260,260,262,262,262,263,263,263,263,263,263,263,263,263,263,263,263,263,263,263,263,263,264,264
Guizhou,China,26.8154,106.8748,1,3,3,4,5,7,9,9,12,29,29,38,46,58,64,71,81,89,99,109,127,133,135,140,143,144,146,146,146,146,146,146,146,146,146,146,146,146,146,146,146,146,146,146,146,146,146,146,146,146,146,146,146,146,146,147,146,146,146,146,146,146,146,146,146,146,146,146,146,146,146,146,146,146,146,146,146,146,146,146,146,146,146,146,146,146,146,146,147,147,147,147,147,147,147,147,147,147,147,147,147,147,147,147,147,147,147,147,147,147,147,147,147,147,147,147,147,147,147,147,147,147,147,147,147,147,147,147,147,147,147,147,147,147,147,147,147,147,147,147,147,147,147,147,147,147,147,147,147,147,147,147,147,147,147,147,147,147,147,147,147,147,147,147,147,147,147,147,147,147,147,147,147,147,147,147,147,147,147,147,147,147,147,147,147,147,147,147,147,147,147,147,147,147,147,147,147,147,147,147,147,147,147,147,147,147,147,147,147,147,147,147,147,147,147,147,147,147,147,147,147,147,147,147,147,147,147,147,147,147,147,147,147,147,147,147,147,147,147,147,147,147,147,147,147,147,147,147,147,147,147,147,147,147,147,147,147,147,147,147,147,147,147,147,147,147,147,147,147,147,147,147,147,147,147,147,147,147,147,147,147,147,147,147,147,147,147,147,147,147,147,147,147,147,147,147,147,147,147,147,147,147,147,147,147,147,147,147,147,147,147,147,147,147,147,147,147,147,147,147,147,147,147
Hainan,China,19.1959,109.7453,4,5,8,19,22,33,40,43,46,52,62,64,72,80,99,106,117,124,131,138,144,157,157,159,162,162,163,163,168,168,168,168,168,168,168,168,168,168,168,168,168,168,168,168,168,168,168,168,168,168,168,168,168,168,168,168,168,168,168,168,168,168,168,168,168,168,168,168,168,168,168,168,168,168,168,168,168,168,168,168,168,168,168,168,168,168,168,168,168,168,168,168,168,168,168,168,168,168,168,168,168,168,168,168,168,168,168,168,168,168,168,168,168,168,169,169,169,169,169,169,169,169,169,169,169,169,169,169,169,169,169,169,169,169,169,169,170,170,170,170,170,170,171,171,171,171,171,171,171,171,171,171,171,171,171,171,171,171,171,171,171,171,171,171,171,171,171,171,171,171,171,171,171,171,171,171,171,171,171,171,171,171,171,171,171,171,171,171,171,171,171,171,171,171,171,171,171,171,171,171,171,171,171,171,171,171,171,171,171,171,171,171,171,171,171,171,171,171,171,171,171,171,171,171,171,171,171,171,171,171,171,171,171,171,171,171,171,171,171,171,171,171,171,171,171,171,171,171,171,171,171,171,171,171,171,171,171,171,171,171,171,171,171,171,171,171,171,171,171,171,171,171,171,171,171,171,171,171,171,171,171,171,171,171,171,171,171,171,171,171,171,171,171,171,171,171,171,171,171,171,171,171,171,171,171,171,171,171,171,171,171,171,171,171,171,171,171,171,171,171,171,171,171
Hebei,China,39.549,116.1306,1,1,2,8,13,18,33,48,65,82,96,104,113,126,135,157,172,195,206,218,239,251,265,283,291,300,301,306,306,307,308,309,311,311,311,312,317,318,318,318,318,318,318,318,318,318,318,318,318,318,318,318,318,318,318,318,318,318,318,318,319,319,319,319,319,319,319,319,321,321,323,325,326,326,327,327,327,327,327,327,327,327,327,327,327,328,328,328,328,328,328,328,328,328,328,328,328,328,328,328,328,328,328,328,328,328,328,328,328,328,328,328,328,328,328,328,328,328,328,328,328,328,328,328,328,328,328,328,328,328,328,328,328,328,328,328,328,328,328,328,328,328,328,328,331,335,336,338,340,340,344,346,346,348,349,349,349,349,349,349,349,349,349,349,349,349,349,349,349,349,349,349,349,349,349,349,349,349,349,349,349,349,349,349,349,349,349,349,349,349,349,349,349,349,349,349,349,349,349,349,349,350,350,351,351,351,351,351,351,351,351,351,354,359,359,360,360,362,362,362,362,362,365,365,365,365,365,365,365,365,365,365,365,365,365,365,365,365,365,365,365,365,365,365,365,365,365,365,365,365,365,365,365,365,365,365,365,365,365,365,365,365,365,367,367,367,368,368,368,368,368,368,368,368,368,368,368,369,371,372,372,372,373,373,373,373,373,373,373,373,373,373,373,373,373,373,373,373,373,373,373,373,373,373,373,373,373,373,373,373,373,373,373,373,373,373,373,373,373,373,373,373,373
Heilongjiang,China,47.862,127.7615,0,2,4,9,15,21,33,38,44,59,80,95,121,155,190,227,277,295,307,331,360,378,395,419,425,445,457,464,470,476,479,479,480,480,480,480,480,480,480,480,480,480,480,481,481,481,481,481,481,482,482,482,482,482,482,482,482,483,484,484,484,484,484,484,484,484,484,484,484,484,484,488,489,491,504,524,544,569,609,638,661,684,740,819,841,861,872,892,898,905,913,921,928,930,935,936,939,939,939,944,944,944,944,944,944,944,944,944,944,945,945,945,945,945,945,945,945,945,945,945,945,945,945,945,945,945,945,945,945,945,945,945,945,947,947,947,947,947,947,947,947,947,947,947,947,947,947,947,947,947,947,947,947,947,947,947,947,947,947,947,947,947,947,947,947,947,947,947,947,947,947,947,947,947,947,947,947,947,947,947,947,947,947,947,947,947,947,947,947,947,947,947,947,947,947,947,947,947,947,947,947,948,948,948,948,948,948,948,948,948,948,948,948,948,948,948,948,948,948,948,948,948,948,948,948,948,948,948,948,948,948,948,948,948,948,948,948,948,948,948,948,948,948,948,948,948,948,948,948,948,948,948,948,948,948,948,948,948,948,948,948,948,948,948,948,948,948,948,948,948,948,948,948,948,948,948,948,948,949,949,949,949,949,949,949,949,949,949,949,949,949,949,949,949,949,949,949,949,949,949,949,949,949,949,949,949,949,949,949,949,949,949,949,949,949,949,949,949,949,949,949,949,949
Henan,China,37.8957,114.9042,5,5,9,32,83,128,168,206,278,352,422,493,566,675,764,851,914,981,1033,1073,1105,1135,1169,1184,1212,1231,1246,1257,1262,1265,1267,1270,1271,1271,1271,1271,1272,1272,1272,1272,1272,1272,1272,1272,1272,1272,1272,1272,1272,1273,1273,1273,1273,1273,1273,1273,1273,1273,1273,1273,1274,1274,1274,1274,1275,1275,1275,1276,1276,1276,1276,1276,1276,1276,1276,1276,1276,1276,1276,1276,1276,1276,1276,1276,1276,1276,1276,1276,1276,1276,1276,1276,1276,1276,1276,1276,1276,1276,1276,1276,1276,1276,1276,1276,1276,1276,1276,1276,1276,1276,1276,1276,1276,1276,1276,1276,1276,1276,1276,1276,1276,1276,1276,1276,1276,1276,1276,1276,1276,1276,1276,1276,1276,1276,1276,1276,1276,1276,1276,1276,1276,1276,1276,1276,1276,1276,1276,1276,1276,1276,1276,1276,1276,1276,1276,1276,1276,1276,1276,1276,1276,1276,1276,1276,1276,1276,1276,1276,1276,1276,1276,1276,1276,1276,1276,1276,1276,1276,1276,1276,1276,1276,1276,1276,1276,1276,1276,1276,1276,1276,1276,1276,1276,1276,1276,1276,1276,1276,1276,1276,1276,1276,1276,1276,1276,1276,1276,1276,1276,1276,1276,1276,1276,1276,1276,1276,1276,1276,1276,1276,1276,1276,1276,1276,1276,1276,1276,1276,1276,1276,1276,1276,1276,1276,1277,1277,1277,1277,1278,1278,1278,1279,1279,1279,1280,1280,1280,1280,1280,1280,1280,1281,1281,1281,1281,1281,1281,1281,1281,1281,1281,1281,1281,1281,1281,1281,1281,1281,1281,1281,1281,1281,1283,1283,1283,1283,1283,1283,1283,1284,1284,1284,1284,1284,1284,1284,1284,1286,1286,1286,1286,1286,1286,1286,1286,1287,1287,1288,1288,1288,1288,1288,1288,1288,1288,1288,1289,1289,1289,1289,1289,1289,1289,1289,1290,1290,1292,1295,1295,1295,1295,1295,1295
Hong Kong,China,22.3,114.2,0,2,2,5,8,8,8,10,10,12,13,15,15,17,21,24,25,26,29,38,49,50,53,56,56,57,60,62,63,68,68,69,74,79,84,91,92,94,95,96,100,100,105,105,107,108,114,115,120,126,129,134,140,145,155,162,181,208,256,273,317,356,386,410,453,519,561,641,682,714,765,802,845,862,890,914,935,960,973,989,1000,1004,1009,1012,1017,1017,1021,1024,1025,1025,1029,1033,1035,1035,1037,1037,1037,1037,1037,1037,1039,1039,1039,1040,1040,1040,1044,1044,1044,1047,1047,1047,1050,1051,1052,1052,1055,1055,1055,1055,1055,1065,1065,1065,1065,1065,1066,1066,1079,1082,1084,1087,1093,1093,1099,1102,1105,1106,1107,1107,1107,1107,1108,1109,1109,1112,1112,1120,1124,1124,1128,1131,1161,1177,1179,1193,1196,1197,1199,1203,1205,1233,1242,1247,1258,1268,1285,1299,1323,1365,1365,1431,1469,1469,1569,1588,1655,1713,1713,1777,1885,1958,2131,2249,2372,2505,2633,2778,2884,3002,3151,3272,3396,3511,3589,3669,3754,3849,3938,4007,4079,4148,4181,4243,4312,4360,4406,4480,4524,4560,4586,4604,4631,4657,4682,4691,4710,4734,4755,4768,4786,4801,4810,4822,4830,4838,4850,4857,4878,4889,4895,4901,4913,4925,4938,4957,4971,4975,4984,4993,4996,5009,5032,5038,5046,5049,5056,5058,5059,5065,5075,5079,5087,5097,5104,5108,5113,5124,5132,5143,5161,5169,5175,5182,5193,5201,5201,5213,5220,5237,5241,5256,5261,5269,5280,5284,5289,5295,5303,5308,5310,5313,5320,5323,5330,5336,5345,5348,5355,5361,5364,5374,5380,5389,5407,5430,5436,5444,5458,5466,5470,5479,5491,5517,5560,5628,5701,5781,5866,5947,6039,6123,6238,6314,6396,6499,6589,6701,6802,6897,6975,7075,7179
Hubei,China,30.9756,112.2707,444,444,549,761,1058,1423,3554,3554,4903,5806,7153,11177,13522,16678,19665,22112,24953,27100,29631,31728,33366,33366,48206,54406,56249,58182,59989,61682,62031,62442,62662,64084,64084,64287,64786,65187,65596,65914,66337,66907,67103,67217,67332,67466,67592,67666,67707,67743,67760,67773,67781,67786,67790,67794,67798,67799,67800,67800,67800,67800,67800,67800,67801,67801,67801,67801,67801,67801,67801,67801,67802,67802,67802,67803,67803,67803,67803,67803,67803,67803,67803,67803,67803,67803,67803,67803,68128,68128,68128,68128,68128,68128,68128,68128,68128,68128,68128,68128,68128,68128,68128,68128,68128,68128,68128,68128,68128,68128,68129,68134,68134,68134,68134,68134,68134,68134,68134,68135,68135,68135,68135,68135,68135,68135,68135,68135,68135,68135,68135,68135,68135,68135,68135,68135,68135,68135,68135,68135,68135,68135,68135,68135,68135,68135,68135,68135,68135,68135,68135,68135,68135,68135,68135,68135,68135,68135,68135,68135,68135,68135,68135,68135,68135,68135,68135,68135,68135,68135,68135,68135,68135,68135,68135,68135,68135,68135,68135,68135,68135,68135,68135,68135,68135,68135,68135,68135,68135,68135,68135,68135,68135,68135,68138,68138,68138,68138,68138,68138,68139,68139,68139,68139,68139,68139,68139,68139,68139,68139,68139,68139,68139,68139,68139,68139,68139,68139,68139,68139,68139,68139,68139,68139,68139,68139,68139,68139,68139,68139,68139,68139,68139,68139,68139,68139,68139,68139,68139,68139,68139,68139,68139,68139,68139,68139,68139,68139,68139,68139,68139,68139,68139,68139,68139,68139,68139,68139,68139,68139,68139,68139,68139,68139,68139,68139,68139,68139,68139,68139,68139,68139,68139,68139,68139,68139,68139,68139,68139,68139,68139,68139,68139,68139,68139,68139,68139,68143,68143,68143,68143,68143,68147,68147,68147,68147,68147,68147,68147,68148,68148,68148,68148,68148,68148,68148,68148,68148,68148,68148,68148,68148,68148,68148,68148,68148,68148,68149,68149,68149,68149,68149,68149,68149,68149
Hunan,China,27.6104,111.7088,4,9,24,43,69,100,143,221,277,332,389,463,521,593,661,711,772,803,838,879,912,946,968,988,1001,1004,1006,1007,1008,1010,1011,1013,1016,1016,1016,1016,1017,1017,1018,1018,1018,1018,1018,1018,1018,1018,1018,1018,1018,1018,1018,1018,1018,1018,1018,1018,1018,1018,1018,1018,1018,1018,1018,1018,1018,1018,1018,1018,1018,1018,1018,1019,1019,1019,1019,1019,1019,1019,1019,1019,1019,1019,1019,1019,1019,1019,1019,1019,1019,1019,1019,1019,1019,1019,1019,1019,1019,1019,1019,1019,1019,1019,1019,1019,1019,1019,1019,1019,1019,1019,1019,1019,1019,1019,1019,1019,1019,1019,1019,1019,1019,1019,1019,1019,1019,1019,1019,1019,1019,1019,1019,1019,1019,1019,1019,1019,1019,1019,1019,1019,1019,1019,1019,1019,1019,1019,1019,1019,1019,1019,1019,1019,1019,1019,1019,1019,1019,1019,1019,1019,1019,1019,1019,1019,1019,1019,1019,1019,1019,1019,1019,1019,1019,1019,1019,1019,1019,1019,1019,1019,1019,1019,1019,1019,1019,1019,1019,1019,1019,1019,1019,1019,1019,1019,1019,1019,1019,1019,1019,1019,1019,1019,1019,1019,1019,1019,1019,1019,1019,1019,1019,1019,1019,1019,1019,1019,1019,1019,1019,1019,1019,1019,1019,1019,1019,1019,1019,1019,1019,1019,1019,1019,1019,1019,1019,1019,1019,1019,1019,1019,1019,1019,1019,1019,1019,1019,1019,1019,1019,1019,1019,1019,1019,1019,1019,1019,1019,1019,1019,1019,1019,1019,1019,1019,1019,1019,1019,1019,1019,1019,1019,1019,1019,1019,1019,1019,1019,1019,1019,1019,1019,1019,1020,1020,1020,1020,1020,1020,1020,1020,1020,1020,1020,1020,1020,1020,1020,1020,1020,1020,1020,1020,1020,1020,1020,1020,1020,1020,1020,1020,1020,1020,1020,1020,1020,1020,1020,1020,1020,1020,1020,1020,1020
Inner Mongolia,China,44.0935,113.9448,0,0,1,7,7,11,15,16,19,20,23,27,34,35,42,46,50,52,54,58,58,60,61,65,68,70,72,73,75,75,75,75,75,75,75,75,75,75,75,75,75,75,75,75,75,75,75,75,75,75,75,75,75,75,75,75,75,75,75,75,75,75,75,77,89,92,94,95,97,107,111,117,117,117,117,118,121,124,126,128,155,189,190,190,190,193,193,193,193,194,194,194,194,197,198,198,199,199,200,201,201,201,201,201,201,201,201,201,201,208,209,209,209,209,209,209,213,216,216,216,216,217,217,227,232,232,232,232,232,232,235,235,235,235,235,235,235,235,235,237,237,237,237,237,237,238,238,238,238,238,238,238,238,238,238,238,238,238,238,238,238,238,238,238,238,239,240,244,244,244,244,245,249,249,249,249,249,249,249,249,249,249,250,250,251,256,258,258,258,258,258,258,258,258,258,258,258,258,258,258,258,258,259,259,259,260,260,260,260,260,260,260,260,260,260,260,260,260,260,260,260,260,261,261,261,261,261,261,261,261,261,261,261,261,261,261,261,261,261,261,261,261,263,263,263,263,263,263,263,266,266,266,266,266,266,266,268,268,268,268,268,268,268,269,270,270,270,275,275,275,275,275,275,275,275,275,275,277,278,279,287,287,288,291,291,295,297,298,300,303,303,305,305,305,306,307,307,307,307,307,307,308,308,308,310,310,311,311,320,320,320,320,323,327,329,330,333,333,333,336,336,336,337
Jiangsu,China,32.9711,119.455,1,5,9,18,33,47,70,99,129,168,202,236,271,308,341,373,408,439,468,492,515,543,570,593,604,617,626,629,631,631,631,631,631,631,631,631,631,631,631,631,631,631,631,631,631,631,631,631,631,631,631,631,631,631,631,631,631,631,631,631,633,633,636,638,640,641,641,644,645,646,646,647,651,651,651,651,651,651,651,651,652,653,653,653,653,653,653,653,653,653,653,653,653,653,653,653,653,653,653,653,653,653,653,653,653,653,653,653,653,653,653,653,653,653,653,653,653,653,653,653,653,653,653,653,653,653,653,653,653,653,653,653,653,653,653,653,653,653,653,653,653,653,653,653,653,653,653,653,653,653,653,653,654,654,654,654,654,654,654,654,654,654,654,654,654,654,654,654,654,654,654,654,654,654,654,654,654,654,654,654,654,654,655,655,655,655,655,655,655,655,655,655,655,658,658,658,658,659,659,659,659,659,659,659,659,661,661,661,664,664,664,665,665,665,665,665,665,665,665,665,665,665,665,665,665,665,665,665,665,665,665,665,665,665,665,665,665,665,665,665,665,665,665,665,665,666,666,666,666,666,666,666,666,666,666,666,667,667,667,667,667,667,667,667,667,667,667,669,669,669,669,670,670,670,670,670,670,670,670,670,672,672,672,672,673,674,674,674,674,674,674,675,675,676,676,676,676,676,677,677,677,677,677,677,677,677,679,679,680,680,680,680,680,680,680,680,680,680,680,680,680,681,681
Jiangxi,China,27.614,115.7221,2,7,18,18,36,72,109,109,162,240,286,333,391,476,548,600,661,698,740,771,804,844,872,900,913,925,930,933,934,934,934,934,934,934,934,934,934,935,935,935,935,935,935,935,935,935,935,935,935,935,935,935,935,935,935,935,935,935,935,935,936,936,936,936,936,936,936,937,937,937,937,937,937,937,937,937,937,937,937,937,937,937,937,937,937,937,937,937,937,937,937,937,937,937,937,937,937,937,937,937,937,937,937,937,937,937,937,937,937,937,937,937,937,937,937,937,937,937,937,937,937,937,937,937,937,937,937,937,937,937,937,937,937,932,932,932,932,932,932,932,932,932,932,932,932,932,932,932,932,932,932,932,932,932,932,932,932,932,932,932,932,932,932,932,932,932,932,932,932,932,932,932,932,932,932,932,932,932,932,932,932,932,932,932,932,932,932,932,932,932,932,932,932,932,932,932,932,932,932,932,932,932,932,932,932,932,932,932,932,932,935,935,935,935,935,935,935,935,935,935,935,935,935,935,935,935,935,935,935,935,935,935,935,935,935,935,935,935,935,935,935,935,935,935,935,935,935,935,935,935,935,935,935,935,935,935,935,935,935,935,935,935,935,935,935,935,935,935,935,935,935,935,935,935,935,935,935,935,935,935,935,935,935,935,935,935,935,935,935,935,935,935,935,935,935,935,935,935,935,935,935,935,935,935,935,935,935,935,935,935,935,935,935,935,935,935,935,935,935,935,935,935,935
Jilin,China,43.6661,126.1923,0,1,3,4,4,6,8,9,14,14,17,23,31,42,54,59,65,69,78,80,81,83,84,86,88,89,89,89,90,91,91,91,91,93,93,93,93,93,93,93,93,93,93,93,93,93,93,93,93,93,93,93,93,93,93,93,93,93,93,93,93,93,93,94,95,95,97,98,98,98,98,98,98,98,98,98,98,98,98,98,98,99,100,100,102,102,102,102,104,104,106,106,108,109,109,110,110,110,111,111,112,112,112,112,112,112,113,113,124,127,127,133,134,138,140,144,146,151,151,151,151,154,155,155,155,155,155,155,155,155,155,155,155,155,155,155,155,155,155,155,155,155,155,155,155,155,155,155,155,155,155,155,155,155,155,155,155,155,155,155,155,155,155,155,155,155,155,155,155,155,155,155,155,155,155,155,155,155,155,155,155,155,155,155,155,155,157,157,157,157,157,157,157,157,157,157,157,157,157,157,157,157,157,157,157,157,157,157,157,157,157,157,157,157,157,157,157,157,157,157,157,157,157,157,157,157,157,157,157,157,157,157,157,157,157,157,157,157,157,157,157,157,157,157,157,157,157,157,157,157,157,157,157,157,157,157,157,157,157,157,157,157,157,157,157,157,157,157,157,157,157,157,157,157,157,157,157,157,157,157,157,157,157,157,157,157,157,157,157,157,157,157,157,157,157,157,157,157,157,157,157,157,157,157,157,157,157,157,157,157,157,157,157,157,157,157,157,157,157,157,157,157,157
Liaoning,China,41.2956,122.6085,2,3,4,17,21,27,34,39,41,48,64,70,74,81,89,94,99,105,107,108,111,116,117,119,119,121,121,121,121,121,121,121,121,121,121,121,121,121,121,122,122,125,125,125,125,125,125,125,125,125,125,125,125,125,125,125,125,125,126,126,127,127,127,127,128,128,132,134,136,139,140,141,141,141,142,142,144,144,144,144,145,145,145,145,145,145,146,146,146,146,146,146,146,146,146,146,146,146,146,146,146,146,146,146,146,146,146,146,146,147,147,147,149,149,149,149,149,149,149,149,149,149,149,149,149,149,149,149,149,149,149,149,149,149,149,149,149,149,149,149,149,149,149,151,151,152,152,152,153,153,153,154,154,154,154,154,154,154,155,155,155,155,156,156,156,157,157,159,162,162,162,164,164,164,164,164,164,164,164,164,164,164,165,167,176,189,203,209,217,222,233,241,244,253,255,255,258,259,259,259,261,261,261,261,261,261,261,261,261,261,261,261,261,261,261,262,262,262,262,262,262,262,262,262,263,263,263,263,263,263,263,263,264,264,264,264,264,264,264,264,265,265,265,265,265,267,267,267,271,271,271,271,271,271,271,271,271,271,271,271,273,275,276,280,280,280,280,280,280,280,280,280,280,280,280,280,283,283,283,283,283,283,283,283,283,283,283,283,284,284,284,285,285,286,286,286,288,288,288,288,289,289,289,289,289,289,289,289,289,289,289,289,289,289,289,289,289,289,289,289,289,289,289
Macau,China,22.1667,113.55,1,2,2,2,5,6,7,7,7,7,7,8,8,10,10,10,10,10,10,10,10,10,10,10,10,10,10,10,10,10,10,10,10,10,10,10,10,10,10,10,10,10,10,10,10,10,10,10,10,10,10,10,10,10,11,12,15,17,17,18,24,24,25,30,31,33,37,37,38,41,41,41,43,43,44,44,44,45,45,45,45,45,45,45,45,45,45,45,45,45,45,45,45,45,45,45,45,45,45,45,45,45,45,45,45,45,45,45,45,45,45,45,45,45,45,45,45,45,45,45,45,45,45,45,45,45,45,45,45,45,45,45,45,45,45,45,45,45,45,45,45,45,45,45,45,45,45,45,45,45,45,45,45,45,45,46,46,46,46,46,46,46,46,46,46,46,46,46,46,46,46,46,46,46,46,46,46,46,46,46,46,46,46,46,46,46,46,46,46,46,46,46,46,46,46,46,46,46,46,46,46,46,46,46,46,46,46,46,46,46,46,46,46,46,46,46,46,46,46,46,46,46,46,46,46,46,46,46,46,46,46,46,46,46,46,46,46,46,46,46,46,46,46,46,46,46,46,46,46,46,46,46,46,46,46,46,46,46,46,46,46,46,46,46,46,46,46,46,46,46,46,46,46,46,46,46,46,46,46,46,46,46,46,46,46,46,46,46,46,46,46,46,46,46,46,46,46,46,46,46,46,46,46,46,46,46,46,46,46,46,46,46,46,46,46,46,46,46,46,46,46,46,46
Ningxia,China,37.2692,106.1655,1,1,2,3,4,7,11,12,17,21,26,28,31,34,34,40,43,45,45,49,53,58,64,67,70,70,70,70,71,71,71,71,71,71,71,71,72,72,73,73,74,74,75,75,75,75,75,75,75,75,75,75,75,75,75,75,75,75,75,75,75,75,75,75,75,75,75,75,75,75,75,75,75,75,75,75,75,75,75,75,75,75,75,75,75,75,75,75,75,75,75,75,75,75,75,75,75,75,75,75,75,75,75,75,75,75,75,75,75,75,75,75,75,75,75,75,75,75,75,75,75,75,75,75,75,75,75,75,75,75,75,75,75,75,75,75,75,75,75,75,75,75,75,75,75,75,75,75,75,75,75,75,75,75,75,75,75,75,75,75,75,75,75,75,75,75,75,75,75,75,75,75,75,75,75,75,75,75,75,75,75,75,75,75,75,75,75,75,75,75,75,75,75,75,75,75,75,75,75,75,75,75,75,75,75,75,75,75,75,75,75,75,75,75,75,75,75,75,75,75,75,75,75,75,75,75,75,75,75,75,75,75,75,75,75,75,75,75,75,75,75,75,75,75,75,75,75,75,75,75,75,75,75,75,75,75,75,75,75,75,75,75,75,75,75,75,75,75,75,75,75,75,75,75,75,75,75,75,75,75,75,75,75,75,75,75,75,75,75,75,75,75,75,75,75,75,75,75,75,75,75,75,75,75,75,75,75,75,75,75,75,75,75,75,75,75,75,75,75,75,75,75,75
Qinghai,China,35.7452,95.9956,0,0,0,1,1,6,6,6,8,8,9,11,13,15,17,18,18,18,18,18,18,18,18,18,18,18,18,18,18,18,18,18,18,18,18,18,18,18,18,18,18,18,18,18,18,18,18,18,18,18,18,18,18,18,18,18,18,18,18,18,18,18,18,18,18,18,18,18,18,18,18,18,18,18,18,18,18,18,18,18,18,18,18,18,18,18,18,18,18,18,18,18,18,18,18,18,18,18,18,18,18,18,18,18,18,18,18,18,18,18,18,18,18,18,18,18,18,18,18,18,18,18,18,18,18,18,18,18,18,18,18,18,18,18,18,18,18,18,18,18,18,18,18,18,18,18,18,18,18,18,18,18,18,18,18,18,18,18,18,18,18,18,18,18,18,18,18,18,18,18,18,18,18,18,18,18,18,18,18,18,18,18,18,18,18,18,18,18,18,18,18,18,18,18,18,18,18,18,18,18,18,18,18,18,18,18,18,18,18,18,18,18,18,18,18,18,18,18,18,18,18,18,18,18,18,18,18,18,18,18,18,18,18,18,18,18,18,18,18,18,18,18,18,18,18,18,18,18,18,18,18,18,18,18,18,18,18,18,18,18,18,18,18,18,18,18,18,18,18,18,18,18,18,18,18,18,18,18,18,18,18,18,18,18,18,18,18,18,18,18,18,18,18,18,18,18,18,18,18,18,18,18,18,18,18,18,18,18,18,18,18,18,18,18,18,18,18,18,18,18,18,18,18
Shaanxi,China,35.1917,108.8701,0,3,5,15,22,35,46,56,63,87,101,116,128,142,165,173,184,195,208,213,219,225,229,230,232,236,240,240,242,245,245,245,245,245,245,245,245,245,245,245,245,245,245,245,245,245,245,245,245,245,245,245,245,245,245,246,246,246,247,248,248,248,249,250,253,253,253,253,253,253,255,255,255,256,256,256,256,256,256,256,256,256,256,256,256,256,256,256,256,256,277,279,279,286,286,286,286,306,306,306,306,306,306,306,308,308,308,308,308,308,308,308,308,308,308,308,308,308,308,308,308,308,308,308,308,308,308,308,308,308,308,309,309,309,309,309,311,311,311,311,311,311,311,311,313,313,313,314,314,314,316,317,317,319,319,319,319,320,320,320,320,320,320,320,320,321,321,321,321,321,321,321,321,321,321,321,322,322,322,322,322,322,323,323,323,323,323,323,323,324,324,324,326,326,326,327,328,328,328,328,331,340,341,341,346,348,351,354,356,358,358,358,360,362,362,364,364,364,364,364,364,365,365,365,371,373,374,377,377,377,378,378,379,380,381,381,381,382,384,397,399,399,401,401,401,402,402,403,403,403,406,408,409,410,411,413,413,414,414,414,425,428,428,428,428,431,433,433,434,436,438,438,438,438,438,444,445,444,447,453,454,454,454,455,455,455,456,459,459,463,472,478,479,480,482,483,484,486,487,487,487,487,490,490,492,493,495,496,496,497,497,498,498,499,500,501,501,501,502,502,502,502,502
Shandong,China,36.3427,118.1498,2,6,15,27,46,75,95,130,158,184,206,230,259,275,307,347,386,416,444,466,487,497,509,523,532,537,541,543,544,546,749,750,754,755,756,756,756,756,756,758,758,758,758,758,758,758,758,758,758,760,760,760,760,760,760,761,761,761,762,764,767,768,768,769,771,772,772,772,773,774,774,775,778,778,779,780,781,783,783,783,784,784,784,784,784,784,787,787,787,787,787,787,787,787,787,787,787,787,787,787,787,787,788,788,788,788,788,788,788,788,788,788,788,788,788,788,788,788,788,788,788,788,788,788,788,788,788,788,790,792,792,792,792,792,792,792,792,792,792,792,792,792,792,792,792,792,792,792,792,792,792,792,792,792,792,792,792,792,792,792,792,792,792,792,792,792,792,792,792,792,792,792,793,793,793,793,794,796,797,798,798,798,798,798,798,799,799,799,799,799,799,799,802,804,804,804,805,805,806,806,810,816,817,821,821,821,821,822,822,823,824,827,830,830,831,831,831,831,831,831,831,831,831,831,831,831,831,831,831,831,831,831,831,831,831,831,831,831,831,831,831,831,831,831,832,832,832,832,832,832,832,832,832,832,832,832,832,832,832,832,832,832,832,838,838,844,845,845,845,845,845,845,845,845,845,845,845,845,846,846,846,847,847,847,847,848,848,848,848,848,848,848,848,848,848,848,848,848,848,848,849,849,849,849,849,849,849,849,849,849,849,849,854,854,854,856,857,857,857,857,857,857,857
Shanghai,China,31.202,121.4491,9,16,20,33,40,53,66,96,112,135,169,182,203,219,243,257,277,286,293,299,303,311,315,318,326,328,333,333,333,334,334,335,335,335,336,337,337,337,337,337,337,338,338,339,342,342,342,342,344,344,344,346,353,353,355,358,361,363,371,380,404,404,414,433,451,468,485,492,498,509,516,522,526,529,531,536,538,543,552,555,555,607,618,618,622,628,628,628,635,638,638,639,641,641,642,642,644,645,647,652,652,652,655,656,656,657,657,657,659,659,659,660,660,660,665,665,666,666,666,666,666,667,668,668,669,670,671,671,672,672,672,673,673,673,677,677,677,678,678,678,684,689,690,691,692,695,695,697,697,697,698,701,701,703,703,705,706,707,708,712,712,713,714,715,716,716,716,718,721,721,721,724,725,725,731,732,733,733,733,733,735,737,738,739,741,741,741,743,744,744,744,748,749,749,750,752,757,764,766,768,786,794,798,800,816,820,825,828,842,850,851,862,875,875,880,882,886,888,891,894,897,903,904,908,908,913,916,918,922,922,923,929,937,939,942,947,948,950,954,966,968,972,974,975,975,977,981,981,982,992,997,999,1006,1007,1011,1012,1022,1024,1025,1030,1036,1038,1048,1053,1056,1061,1064,1075,1080,1085,1090,1095,1097,1105,1114,1123,1128,1139,1142,1149,1155,1168,1176,1181,1187,1196,1200,1208,1223,1234,1241,1254,1259,1264,1268,1271,1276,1277,1277,1281,1285,1286,1290,1301,1305,1308,1312,1314,1319,1322,1322,1325,1330,1332,1333,1341,1350,1353,1359,1366,1370,1376,1385
Shanxi,China,37.5777,112.2922,1,1,1,6,9,13,27,27,35,39,47,66,74,81,81,96,104,115,119,119,124,126,126,127,128,129,130,131,131,132,132,132,132,133,133,133,133,133,133,133,133,133,133,133,133,133,133,133,133,133,133,133,133,133,133,133,133,133,133,133,133,134,134,134,135,135,135,136,136,136,137,137,137,137,138,138,138,163,166,168,172,172,173,173,186,194,197,197,197,197,197,197,197,197,197,197,197,197,197,197,197,197,198,198,198,198,198,198,198,198,198,198,198,198,198,198,198,198,198,198,198,198,198,198,198,198,198,198,198,198,198,198,198,198,198,198,198,198,198,198,198,198,198,198,198,198,198,198,198,198,198,198,198,198,198,198,198,198,198,198,198,198,198,198,198,198,198,199,199,199,199,200,200,200,201,201,201,201,201,201,201,201,201,201,201,201,201,201,201,201,201,201,201,201,201,201,201,201,201,201,201,201,201,201,201,201,201,201,201,201,201,201,201,201,202,202,202,202,202,202,202,203,203,203,203,203,203,203,203,203,203,203,203,203,203,203,203,203,203,203,203,203,203,203,203,203,203,203,203,204,204,204,204,204,204,204,205,205,206,206,206,206,206,208,208,208,208,208,208,208,209,209,209,209,209,209,211,212,212,212,212,212,212,212,215,215,215,215,216,216,217,218,218,218,218,218,218,218,219,219,220,220,220,220,220,220,220,220,220,220,220,220,221,221,221,221,221,222,222,222,222,222,222
Sichuan,China,30.6171,102.7103,5,8,15,28,44,69,90,108,142,177,207,231,254,282,301,321,344,364,386,405,417,436,451,463,470,481,495,508,514,520,525,526,526,527,529,531,534,538,538,538,538,538,538,539,539,539,539,539,539,539,539,539,539,539,539,540,540,540,541,542,543,543,545,547,547,548,548,550,550,550,552,554,555,557,558,559,560,560,560,560,560,560,560,560,560,560,560,561,561,561,561,561,561,561,561,561,561,561,561,561,561,561,561,561,561,561,561,561,561,561,561,561,561,561,561,561,561,561,561,561,561,563,563,564,564,564,564,564,564,564,575,577,577,577,578,578,578,581,582,582,582,582,583,583,587,588,589,589,589,589,589,589,589,589,589,589,589,589,592,595,595,595,595,595,596,596,596,598,599,599,599,599,599,599,599,599,599,599,599,602,603,603,603,603,603,603,604,604,604,604,604,604,608,608,609,610,610,611,611,611,615,615,616,618,619,623,624,626,626,626,627,628,628,628,631,635,640,644,648,650,652,652,652,653,655,656,656,656,658,663,664,664,665,665,665,665,666,670,670,670,672,672,672,672,675,675,676,685,688,688,691,692,693,696,698,701,704,707,710,713,713,718,721,722,723,723,723,723,724,725,725,728,731,733,733,733,733,734,736,737,737,739,743,744,746,754,757,761,763,767,769,773,776,778,782,783,783,783,786,792,792,795,796,796,797,797,800,800,801,801,802,803,806,808,808,808,808,811,812,812,820,822,822
Tianjin,China,39.3054,117.323,4,4,8,10,14,23,24,27,31,32,41,48,60,67,69,79,81,88,91,95,106,112,119,120,122,124,125,128,130,131,132,135,135,135,135,135,136,136,136,136,136,136,136,136,136,136,136,136,136,136,136,136,136,136,136,136,136,137,137,137,137,141,145,145,151,155,161,166,174,174,176,176,180,180,180,180,180,180,182,183,183,183,184,185,185,186,189,189,189,189,189,189,189,190,190,190,190,190,190,190,190,190,190,190,190,190,190,191,191,191,191,191,191,191,191,192,192,192,192,192,192,192,192,192,192,192,192,192,192,192,192,192,192,192,192,192,193,193,193,194,195,195,196,196,196,196,196,197,197,197,197,197,198,198,198,198,198,198,198,198,198,198,198,198,199,199,199,199,199,199,199,203,203,203,203,203,203,203,203,203,203,203,203,203,203,204,204,204,204,204,205,205,205,205,205,205,205,205,205,205,205,205,205,205,205,205,207,207,209,209,210,216,216,218,218,219,220,220,220,220,221,226,229,229,229,230,231,231,232,233,233,233,233,233,234,234,234,234,234,237,237,237,237,238,239,239,239,240,240,240,240,240,240,240,240,241,241,242,242,242,242,244,244,245,245,245,245,247,251,252,254,256,256,256,256,259,260,260,260,261,263,265,270,270,271,273,273,273,275,275,275,276,277,283,285,285,287,289,289,290,291,291,291,296,297,298,299,299,299,299,300,300,300,300,300,300,300,300,301,301,301,301,301
Tibet,China,31.6927,88.0924,0,0,0,0,0,0,0,0,1,1,1,1,1,1,1,1,1,1,1,1,1,1,1,1,1,1,1,1,1,1,1,1,1,1,1,1,1,1,1,1,1,1,1,1,1,1,1,1,1,1,1,1,1,1,1,1,1,1,1,1,1,1,1,1,1,1,1,1,1,1,1,1,1,1,1,1,1,1,1,1,1,1,1,1,1,1,1,1,1,1,1,1,1,1,1,1,1,1,1,1,1,1,1,1,1,1,1,1,1,1,1,1,1,1,1,1,1,1,1,1,1,1,1,1,1,1,1,1,1,1,1,1,1,1,1,1,1,1,1,1,1,1,1,1,1,1,1,1,1,1,1,1,1,1,1,1,1,1,1,1,1,1,1,1,1,1,1,1,1,1,1,1,1,1,1,1,1,1,1,1,1,1,1,1,1,1,1,1,1,1,1,1,1,1,1,1,1,1,1,1,1,1,1,1,1,1,1,1,1,1,1,1,1,1,1,1,1,1,1,1,1,1,1,1,1,1,1,1,1,1,1,1,1,1,1,1,1,1,1,1,1,1,1,1,1,1,1,1,1,1,1,1,1,1,1,1,1,1,1,1,1,1,1,1,1,1,1,1,1,1,1,1,1,1,1,1,1,1,1,1,1,1,1,1,1,1,1,1,1,1,1,1,1,1,1,1,1,1,1,1,1,1,1,1,1,1,1,1,1,1,1,1,1,1,1,1,1,1,1,1,1,1,1
Xinjiang,China,41.1129,85.2401,0,2,2,3,4,5,10,13,14,17,18,21,24,29,32,36,39,42,45,49,55,59,63,65,70,71,75,76,76,76,76,76,76,76,76,76,76,76,76,76,76,76,76,76,76,76,76,76,76,76,76,76,76,76,76,76,76,76,76,76,76,76,76,76,76,76,76,76,76,76,76,76,76,76,76,76,76,76,76,76,76,76,76,76,76,76,76,76,76,76,76,76,76,76,76,76,76,76,76,76,76,76,76,76,76,76,76,76,76,76,76,76,76,76,76,76,76,76,76,76,76,76,76,76,76,76,76,76,76,76,76,76,76,76,76,76,76,76,76,76,76,76,76,76,76,76,76,76,76,76,76,76,76,76,76,76,76,76,76,76,76,76,76,76,76,76,76,76,76,76,76,76,76,76,76,76,82,93,106,123,131,140,158,171,191,213,254,311,400,496,608,639,668,696,724,746,773,799,824,839,853,866,875,883,891,898,902,902,902,902,902,902,902,902,902,902,902,902,902,902,902,902,902,902,902,902,902,902,902,902,902,902,902,902,902,902,902,902,902,902,902,902,902,902,902,902,902,902,902,902,902,902,902,902,902,902,902,902,902,902,902,902,902,902,902,902,902,902,902,902,902,902,902,902,902,902,902,902,902,924,947,947,953,956,959,964,966,974,980,980,980,980,980,980,980,980,980,980,980,980,980,980,980,980,980,980,980,980,980,980,980,980,980,980,980,980,980,980,980,980,980,980,980
Yunnan,China,24.974,101.487,1,2,5,11,16,26,44,55,70,83,93,105,117,122,128,133,138,138,141,149,153,154,156,162,168,171,171,172,172,174,174,174,174,174,174,174,174,174,174,174,174,174,174,174,174,174,174,174,174,174,174,174,174,174,176,176,176,176,176,176,176,176,176,176,178,180,180,180,180,182,182,183,184,184,184,184,184,184,184,184,184,184,184,184,184,184,184,184,184,184,184,184,184,185,185,185,185,185,185,185,185,185,185,185,185,185,185,185,185,185,185,185,185,185,185,185,185,185,185,185,185,185,185,185,185,185,185,185,185,185,185,185,185,185,185,185,185,185,185,185,185,185,185,185,185,185,185,185,185,185,185,185,185,185,185,185,185,185,185,185,185,185,186,186,186,186,186,187,187,187,187,187,187,187,188,188,188,188,188,188,188,188,189,189,189,189,189,190,190,191,191,191,191,191,191,191,191,191,191,191,191,191,191,191,191,191,191,195,195,195,195,195,195,195,198,198,199,199,199,199,199,199,199,199,199,199,201,201,201,201,201,201,201,201,201,203,204,205,206,206,206,206,208,209,209,209,209,209,209,209,209,209,209,209,209,211,211,211,211,211,211,211,211,211,211,211,211,211,211,211,211,211,211,211,211,211,211,211,211,211,211,212,213,213,213,213,213,213,214,214,214,214,214,214,214,214,214,217,217,217,217,217,217,217,217,217,217,217,217,217,218,219,219,219,219,219,219,219,220,221,221,221,221
Zhejiang,China,29.1832,120.0934,10,27,43,62,104,128,173,296,428,538,599,661,724,829,895,954,1006,1048,1075,1092,1117,1131,1145,1155,1162,1167,1171,1172,1174,1175,1203,1205,1205,1205,1205,1205,1205,1205,1205,1205,1206,1213,1213,1215,1215,1215,1215,1215,1215,1215,1215,1215,1227,1231,1231,1232,1232,1233,1234,1236,1238,1238,1240,1241,1243,1247,1251,1254,1255,1257,1257,1258,1260,1262,1263,1264,1265,1266,1267,1267,1267,1267,1267,1267,1268,1268,1268,1268,1268,1268,1268,1268,1268,1268,1268,1268,1268,1268,1268,1268,1268,1268,1268,1268,1268,1268,1268,1268,1268,1268,1268,1268,1268,1268,1268,1268,1268,1268,1268,1268,1268,1268,1268,1268,1268,1268,1268,1268,1268,1268,1268,1268,1268,1268,1268,1268,1268,1268,1268,1268,1268,1268,1268,1268,1268,1268,1269,1269,1269,1269,1269,1269,1269,1269,1269,1269,1269,1269,1269,1269,1269,1269,1269,1269,1269,1269,1269,1269,1269,1269,1269,1270,1270,1270,1270,1270,1270,1270,1270,1270,1270,1270,1270,1270,1270,1270,1270,1270,1270,1270,1270,1270,1270,1270,1270,1270,1270,1270,1271,1272,1273,1274,1275,1275,1275,1275,1275,1275,1275,1277,1277,1277,1277,1277,1277,1277,1277,1277,1277,1277,1277,1278,1278,1278,1278,1278,1278,1278,1278,1278,1278,1278,1278,1278,1280,1280,1281,1282,1282,1282,1282,1282,1282,1282,1282,1282,1282,1282,1282,1282,1282,1282,1282,1282,1282,1282,1282,1282,1282,1283,1283,1283,1283,1283,1283,1283,1283,1283,1283,1283,1283,1283,1283,1283,1283,1283,1283,1283,1283,1283,1283,1283,1286,1286,1286,1287,1287,1287,1288,1288,1290,1290,1291,1291,1291,1291,1291,1291,1291,1291,1291,1292,1292,1292,1293,1293,1293,1293,1293,1293,1294,1294,1294,1294,1294,1294,1294,1294,1294,1295,1295,1295,1295
,Colombia,4.5709,-74.2973,0,0,0,0,0,0,0,0,0,0,0,0,0,0,0,0,0,0,0,0,0,0,0,0,0,0,0,0,0,0,0,0,0,0,0,0,0,0,0,0,0,0,0,0,1,1,1,1,3,9,9,13,22,34,57,75,102,108,158,196,231,277,378,470,491,539,608,702,798,906,1065,1161,1267,1406,1485,1579,1780,2054,2223,2473,2709,2776,2852,2979,3105,3233,3439,3621,3792,3977,4149,4356,4561,4881,5142,5379,5597,5949,6207,6507,7006,7285,7668,7973,8613,8959,9456,10051,10495,11063,11613,12272,12930,13610,14216,14939,15574,16295,16935,17687,18330,19131,20177,21175,21981,23003,24104,25366,26688,28236,29383,30493,31833,33354,35120,36635,38027,39236,40719,42078,43682,45212,46858,48746,50939,53063,54931,57046,60217,63276,65633,68652,71183,73572,77113,80599,84442,88591,91769,95043,97846,102009,106110,109505,113389,117110,120281,124494,128638,133973,140776,145632,150445,154277,159898,165169,173206,182140,190700,197278,204005,211038,218428,226373,233541,240795,248976,257101,267385,276055,286020,295508,306181,317651,327850,334979,345714,357710,367204,376870,387481,397623,410453,422519,433805,445111,456689,468332,476660,489122,502178,513719,522138,533103,541139,551688,562113,572243,581995,590492,599884,607904,615094,624026,633321,641574,650063,658456,666521,671848,679513,686851,694664,702088,708964,716319,721892,728590,736377,743945,750471,758398,765076,770435,777537,784268,790823,798317,806038,813056,818203,824042,829679,835339,841532,848147,855052,862158,869808,877684,886179,894300,902747,911316,919084,924098,930159,936982,945354,952371,959572,965883,974139,981700,990373,998942,1007711,1015885,1025052,1033218,1041935,1053122,1063151,1074184,1083321,1093256,1099392,1108086,1117977,1127733,1136447,1143887,1149064,1155356,1165326,1174012,1182697,1191634,1198746,1205217,1211128,1218003,1225490,1233444,1240493,1248417,1254979,1262494,1270991,1280487,1290510,1299613,1308376,1316806,1324792,1334089,1343322,1352607,1362249,1371103,1377100,1384610,1392133
,Comoros,-11.6455,43.3333,0,0,0,0,0,0,0,0,0,0,0,0,0,0,0,0,0,0,0,0,0,0,0,0,0,0,0,0,0,0,0,0,0,0,0,0,0,0,0,0,0,0,0,0,0,0,0,0,0,0,0,0,0,0,0,0,0,0,0,0,0,0,0,0,0,0,0,0,0,0,0,0,0,0,0,0,0,0,0,0,0,0,0,0,0,0,0,0,0,0,0,0,0,0,0,0,0,0,0,1,1,3,3,3,3,8,8,8,11,11,11,11,11,11,11,11,11,11,11,34,34,78,78,87,87,87,87,87,87,106,106,106,132,132,132,132,141,141,141,141,162,162,163,176,176,176,197,197,210,210,247,247,247,265,265,272,272,272,272,272,303,303,303,309,309,311,311,311,313,314,314,317,317,317,321,321,328,328,328,334,334,337,337,340,340,340,354,354,354,378,378,378,386,386,386,388,388,396,396,399,399,399,399,399,399,403,403,405,405,406,406,417,417,417,417,417,417,417,422,422,423,423,423,427,427,448,448,452,452,452,456,456,456,456,456,456,457,467,467,470,470,470,470,470,470,470,474,474,478,478,478,479,479,484,484,487,487,487,491,491,495,495,495,495,495,496,496,496,502,502,502,502,504,504,517,517,517,517,517,517,517,517,537,545,545,545,545,554,557,557,563,563,563,569,569,574,574,579,579,579,591,591,592,592,596,596,596,607,607,610,610,611,611,611,613,613,615,615,616,616,616,617,617
,Congo (Brazzaville),-0.228,15.8277,0,0,0,0,0,0,0,0,0,0,0,0,0,0,0,0,0,0,0,0,0,0,0,0,0,0,0,0,0,0,0,0,0,0,0,0,0,0,0,0,0,0,0,0,0,0,0,0,0,0,0,0,0,1,1,1,1,3,3,3,3,4,4,4,4,4,4,19,19,19,19,22,22,22,45,45,45,45,60,60,60,60,60,60,117,117,143,143,143,160,165,186,186,200,200,200,200,207,207,220,229,229,229,236,236,264,264,274,274,274,333,333,333,391,391,391,391,412,420,420,469,469,487,487,487,487,571,571,571,571,611,611,611,611,611,635,683,683,683,728,728,728,728,728,728,883,883,883,883,883,883,883,1087,1087,1087,1087,1087,1087,1087,1087,1087,1382,1382,1557,1557,1557,1557,1557,1821,1821,2028,2028,2028,2028,2028,2222,2358,2633,2633,2633,2851,2851,2851,2851,3038,3038,3038,3200,3200,3200,3200,3200,3200,3200,3546,3546,3546,3546,3637,3664,3664,3664,3745,3745,3745,3745,3745,3831,3831,3831,3850,3850,3850,3850,3850,3979,3979,3979,3979,3979,3979,3979,3979,3979,4628,4628,4628,4628,4628,4891,4891,4891,4891,4928,4928,4928,4934,4934,4934,4934,4980,4986,4986,5002,5002,5005,5005,5005,5005,5008,5008,5008,5089,5089,5089,5089,5089,5089,5089,5089,5089,5118,5118,5118,5118,5118,5156,5156,5156,5156,5156,5156,5156,5156,5156,5156,5253,5253,5253,5253,5253,5290,5290,5290,5290,5290,5348,5348,5348,5379,5379,5379,5379,5379,5379,5379,5515,5515,5515,5515,5515,5515,5632,5632,5632,5632,5632,5632,5632,5632,5774,5774,5774,5774,5774,5774,5774,5774,5774,5774,5774,5774,6049
,Congo (Kinshasa),-4.0383,21.7587,0,0,0,0,0,0,0,0,0,0,0,0,0,0,0,0,0,0,0,0,0,0,0,0,0,0,0,0,0,0,0,0,0,0,0,0,0,0,0,0,0,0,0,0,0,0,0,0,0,1,1,2,2,2,2,3,4,14,18,23,30,36,45,48,51,51,65,65,81,98,109,134,134,154,154,161,180,180,180,215,223,234,235,241,254,267,287,307,327,332,350,359,377,394,416,442,459,471,491,572,604,674,674,682,705,797,863,937,937,991,1024,1102,1169,1242,1298,1455,1455,1538,1629,1731,1835,1945,2025,2141,2297,2403,2546,2660,2833,2966,3070,3195,3326,3495,3644,3764,3878,4016,4106,4259,4390,4515,4637,4724,4778,4837,4974,5100,5283,5477,5672,5826,5924,6027,6213,6411,6552,6690,6827,6939,7039,7122,7189,7311,7379,7411,7432,7432,7432,7846,7905,7971,8033,8075,8135,8163,8199,8249,8324,8403,8443,8534,8626,8720,8767,8801,8831,8844,8873,8931,9010,9070,9084,9115,9133,9178,9253,9309,9355,9436,9454,9489,9499,9538,9589,9605,9638,9676,9706,9721,9741,9757,9802,9811,9830,9842,9891,9912,9915,9994,10007,10045,10097,10104,10114,10125,10149,10178,10210,10233,10292,10324,10343,10361,10385,10390,10390,10401,10414,10442,10456,10488,10515,10519,10523,10537,10555,10578,10593,10612,10624,10631,10659,10685,10729,10752,10760,10778,10789,10804,10822,10835,10841,10851,10868,10872,10935,10935,10999,11000,11006,11052,11066,11066,11097,11122,11143,11143,11174,11191,11211,11211,11306,11306,11373,11395,11427,11450,11450,11517,11550,11591,11608,11642,11656,11692,11692,11760,11760,11839,11866,11918,12008,12129,12180,12180,12278,12310,12365,12470,12470,12608,12702,12772,12859,12987,13132,13281,13413,13527,13595,13750,13843
,Costa Rica,9.7489,-83.7534,0,0,0,0,0,0,0,0,0,0,0,0,0,0,0,0,0,0,0,0,0,0,0,0,0,0,0,0,0,0,0,0,0,0,0,0,0,0,0,0,0,0,0,0,1,1,5,9,9,13,22,23,26,27,35,41,50,69,89,117,134,158,177,201,231,263,295,314,330,347,375,396,416,435,454,467,483,502,539,558,577,595,612,618,626,642,649,655,660,662,669,681,686,687,693,695,697,705,713,719,725,733,739,742,755,761,765,773,780,792,801,804,815,830,843,853,863,866,882,897,903,911,918,930,951,956,984,1000,1022,1047,1056,1084,1105,1157,1194,1228,1263,1318,1342,1375,1461,1538,1612,1662,1715,1744,1796,1871,1939,2058,2127,2213,2277,2368,2515,2684,2836,2979,3130,3269,3459,3753,4023,4311,4621,4996,5241,5486,5836,6485,6845,7231,7596,8036,8482,8986,9546,9969,10551,11114,11534,11811,12361,13129,13669,14600,15229,15841,16344,16800,17290,17820,18187,18975,19402,19837,20417,21070,22081,22802,23286,23872,24508,25057,26129,26931,27737,28465,29084,29643,30409,31075,32134,33084,33820,34463,35305,36307,37292,38485,39699,39699,41287,42184,43305,44458,45680,46920,46920,48780,49897,51224,52549,53969,55454,55454,57361,58137,59516,60818,62374,63712,63712,65602,66689,68059,69459,70816,72049,72049,73714,74604,75760,76828,77829,79182,79182,81129,82142,83497,84828,86053,87439,87439,89223,90238,91780,93152,94348,95514,95514,97075,97922,99425,100616,101826,103088,103088,104460,105322,106553,107570,108866,109971,109971,111257,112120,113261,114367,115417,116363,116363,117587,118566,119768,120939,122123,123223,123223,124592,125590,127012,128231,129418,129418,129418,132295,133190,134520,135742,137093,137093,137093,139638,140172,141340,142505,143685,143685,143685,146421,147430,148688
,Cote d'Ivoire,7.54,-5.5471,0,0,0,0,0,0,0,0,0,0,0,0,0,0,0,0,0,0,0,0,0,0,0,0,0,0,0,0,0,0,0,0,0,0,0,0,0,0,0,0,0,0,0,0,0,0,0,0,0,1,1,1,1,1,1,5,6,9,9,14,14,25,73,80,96,101,101,165,168,179,190,194,218,245,261,323,349,384,444,444,533,574,626,638,638,654,688,801,847,847,916,952,1004,1077,1077,1150,1164,1183,1238,1275,1333,1362,1398,1432,1464,1516,1571,1602,1667,1700,1730,1857,1912,1971,2017,2061,2109,2119,2153,2231,2301,2341,2366,2376,2423,2477,2556,2641,2750,2799,2833,2951,3024,3110,3262,3431,3557,3739,3881,3995,4181,4404,4684,4848,5084,5439,5679,6063,6444,6874,7276,7492,7677,7904,8164,8334,8739,8944,9101,9214,9499,9702,9992,10244,10462,10772,10966,11194,11504,11750,12052,12443,12766,12872,13037,13403,13554,13696,13912,14119,14312,14531,14733,15001,15253,15494,15596,15655,15713,15813,15978,16047,16109,16182,16220,16293,16349,16447,16524,16620,16715,16798,16847,16847,16889,16935,16993,17026,17107,17150,17232,17249,17310,17374,17471,17506,17562,17603,17702,17797,17893,17948,18067,18103,18161,18208,18269,18472,18588,18701,18778,18815,18869,18916,18916,19013,19066,19100,19132,19158,19200,19269,19320,19327,19343,19430,19501,19556,19600,19629,19641,19669,19724,19755,19793,19849,19882,19885,19903,19935,19982,20036,20128,20154,20155,20183,20217,20257,20275,20301,20323,20324,20342,20363,20390,20405,20429,20470,20486,20488,20555,20628,20692,20716,20716,20753,20765,20778,20789,20801,20813,20832,20835,20847,20855,20882,20899,20945,20976,20988,21004,21045,21083,21099,21126,21138,21148,21156,21168,21199,21232,21261,21310,21331,21334,21361,21389,21412,21441,21485,21507,21513,21547
,Croatia,45.1,15.2,0,0,0,0,0,0,0,0,0,0,0,0,0,0,0,0,0,0,0,0,0,0,0,0,0,0,0,0,0,0,0,0,0,0,1,3,3,5,6,7,7,9,10,10,11,12,12,12,14,19,19,32,38,49,57,65,81,105,128,206,254,315,382,442,495,586,657,713,790,867,963,1011,1079,1126,1182,1222,1282,1343,1407,1495,1534,1600,1650,1704,1741,1791,1814,1832,1871,1881,1908,1950,1981,2009,2016,2030,2039,2047,2062,2076,2085,2088,2096,2101,2112,2119,2125,2161,2176,2187,2196,2207,2213,2221,2222,2224,2226,2228,2232,2234,2237,2243,2243,2244,2244,2244,2244,2245,2245,2246,2246,2246,2246,2246,2247,2247,2247,2247,2247,2247,2249,2249,2249,2251,2252,2254,2255,2258,2269,2280,2299,2317,2336,2366,2388,2483,2539,2624,2691,2725,2777,2831,2912,3008,3094,3151,3220,3272,3325,3416,3532,3672,3722,3775,3827,3953,4039,4137,4253,4345,4370,4422,4530,4634,4715,4792,4857,4881,4923,4993,5071,5139,5224,5260,5294,5318,5376,5404,5466,5543,5604,5649,5740,5870,6050,6258,6420,6571,6656,6855,7074,7329,7594,7900,8175,8311,8530,8888,9192,9549,9861,10123,10269,10414,10725,11094,11428,11739,11964,12081,12285,12626,12917,13107,13368,13533,13598,13749,14029,14279,14513,14725,14922,14992,15136,15340,15572,15795,16007,16197,16245,16380,16593,16827,17160,17401,17659,17797,18084,18447,18989,19446,19932,20440,20621,20993,21741,22534,23665,24761,25580,25973,26863,28287,29850,31717,33959,36380,37208,38621,40999,43775,46547,49316,51495,52660,54087,56567,59415,62305,64704,67247,68776,70243,72840,75922,78978,81844,84206,85519,87464,90715,93879,96837,100410,103718,105691,108014,111617,115626,119706,123693,126612,128442,131342,134881,139415,143370,147454,150353,152239,154852,159372
,Cuba,21.521757,-77.781167,0,0,0,0,0,0,0,0,0,0,0,0,0,0,0,0,0,0,0,0,0,0,0,0,0,0,0,0,0,0,0,0,0,0,0,0,0,0,0,0,0,0,0,0,0,0,0,0,0,0,3,4,4,4,4,5,7,11,16,21,35,40,48,57,67,80,119,139,170,186,212,233,269,288,320,350,396,457,515,564,620,669,726,766,814,862,923,986,1035,1087,1137,1189,1235,1285,1337,1369,1389,1437,1467,1501,1537,1611,1649,1668,1685,1703,1729,1741,1754,1766,1783,1804,1810,1830,1840,1862,1872,1881,1887,1900,1908,1916,1931,1941,1947,1963,1974,1983,2005,2025,2045,2083,2092,2107,2119,2133,2173,2191,2200,2205,2211,2219,2233,2238,2248,2262,2273,2280,2295,2305,2309,2312,2315,2318,2319,2321,2325,2330,2332,2340,2341,2348,2353,2361,2369,2372,2380,2395,2399,2403,2413,2420,2426,2428,2432,2438,2440,2444,2445,2446,2446,2449,2462,2466,2469,2478,2495,2532,2555,2588,2597,2608,2633,2646,2670,2701,2726,2775,2829,2888,2953,3046,3093,3128,3174,3229,3292,3316,3364,3408,3482,3565,3582,3617,3682,3717,3744,3759,3806,3866,3925,3973,4032,4065,4126,4214,4266,4298,4309,4352,4377,4459,4551,4593,4653,4684,4726,4803,4876,4933,5004,5055,5091,5141,5222,5270,5310,5350,5412,5457,5483,5531,5597,5670,5718,5780,5809,5845,5883,5898,5917,5943,5948,5978,6000,6017,6035,6062,6118,6170,6220,6258,6305,6368,6421,6479,6534,6566,6595,6678,6727,6766,6801,6887,6935,6970,7035,7144,7184,7228,7267,7297,7349,7392,7429,7487,7541,7568,7590,7639,7667,7704,7725,7763,7798,7846,7879,7950,8026,8075,8110,8173,8233,8284,8381,8456,8531,8610,8714,8782,8906,8982,9106
,Cyprus,35.1264,33.4299,0,0,0,0,0,0,0,0,0,0,0,0,0,0,0,0,0,0,0,0,0,0,0,0,0,0,0,0,0,0,0,0,0,0,0,0,0,0,0,0,0,0,0,0,0,0,0,2,3,6,6,14,26,26,33,46,49,67,67,84,95,116,124,132,146,162,179,214,230,262,320,356,396,426,446,465,494,526,564,595,616,633,662,695,715,735,750,761,767,772,784,790,795,804,810,817,822,837,843,850,857,864,872,874,878,883,889,891,892,898,901,903,905,907,910,914,916,917,918,922,923,927,927,935,937,939,939,941,942,944,944,949,952,958,958,960,960,964,970,972,974,975,980,980,983,985,985,985,985,985,985,986,988,990,991,992,992,994,994,996,998,999,999,999,1002,1003,1004,1005,1008,1010,1013,1014,1021,1022,1023,1025,1031,1033,1037,1038,1038,1040,1040,1045,1047,1053,1057,1060,1067,1080,1090,1114,1124,1150,1155,1180,1195,1208,1222,1233,1242,1252,1277,1291,1305,1318,1332,1339,1351,1359,1385,1395,1406,1417,1421,1451,1474,1484,1467,1481,1483,1487,1488,1490,1495,1498,1502,1507,1509,1510,1511,1514,1517,1520,1523,1526,1534,1540,1548,1558,1565,1590,1600,1603,1618,1654,1663,1671,1684,1696,1713,1743,1755,1772,1789,1811,1824,1847,1876,1897,1918,1951,1986,2006,2047,2130,2181,2285,2379,2581,2644,2687,2839,2966,3154,3314,3444,3545,3636,3817,3930,4051,4217,4366,4563,4760,4934,5100,5333,5557,5871,5987,6098,6296,6461,6646,6853,7051,7178,7285,7513,7711,7979,8211,8456,8643,8947,9199,9453,9673,9983,10231,10383,10565,10883,11175,11523,11812,12181,12451,12867,13286,13286
,Czechia,49.8175,15.473,0,0,0,0,0,0,0,0,0,0,0,0,0,0,0,0,0,0,0,0,0,0,0,0,0,0,0,0,0,0,0,0,0,0,0,0,0,0,0,3,3,5,8,12,18,19,31,31,41,91,94,141,189,253,298,396,464,694,833,995,1120,1236,1394,1654,1925,2279,2631,2817,3001,3308,3508,3858,4091,4472,4587,4822,5017,5312,5569,5732,5831,5991,6059,6111,6216,6433,6549,6606,6746,6900,7033,7132,7187,7273,7352,7404,7445,7504,7579,7682,7737,7755,7781,7819,7896,7974,8031,8077,8095,8123,8176,8221,8269,8351,8406,8455,8475,8586,8647,8721,8754,8813,8890,8955,9002,9050,9086,9140,9196,9230,9268,9302,9364,9438,9494,9529,9567,9628,9697,9751,9824,9855,9938,9991,10024,10064,10111,10162,10280,10406,10448,10498,10523,10650,10777,10870,11038,11298,11603,11805,11954,12046,12178,12319,12440,12515,12566,12685,12814,12919,13001,13115,13174,13238,13341,13475,13612,13742,13855,13945,14098,14324,14570,14800,15081,15212,15324,15516,15799,16093,16371,16574,16699,16800,17008,17286,17529,17731,18060,18235,18353,18494,18783,19075,19401,19693,19891,20012,20202,20483,20798,21045,21551,21790,21923,22181,22548,22951,23169,23777,24094,24367,24618,25117,25773,26452,27249,27752,28156,28716,29877,31036,32413,33860,35401,36188,37222,38896,41032,44155,46262,48306,49290,50764,53158,55464,58374,61318,63294,64597,65883,67843,70763,74255,78051,80605,82446,85566,90022,95360,100757,109374,114005,117110,121421,129747,139290,149010,160112,168827,173885,181962,193946,208915,223065,238323,250797,258097,268370,284033,297013,310068,323673,335102,341644,350896,362985,378716,391945,403497,411220,414828,417181,429880,438805,446675,454030,458229,460116,465523,469769,475284,481755,487563,490750,492263,496638,502534,505215,511520,515984,518649,519723,523298,528474,533042,537663,542406,544179,546833,546833,551070,556927
Faroe Islands,Denmark,61.8926,-6.9118,0,0,0,0,0,0,0,0,0,0,0,0,0,0,0,0,0,0,0,0,0,0,0,0,0,0,0,0,0,0,0,0,0,0,0,0,0,0,0,0,0,0,1,1,1,1,2,2,2,2,2,3,9,11,18,47,58,72,80,92,115,118,122,132,140,144,155,159,168,169,173,177,179,181,181,183,184,184,184,184,184,184,184,184,184,184,184,184,185,185,185,185,187,187,187,187,187,187,187,187,187,187,187,187,187,187,187,187,187,187,187,187,187,187,187,187,187,187,187,187,187,187,187,187,187,187,187,187,187,187,187,187,187,187,187,187,187,187,187,187,187,187,187,187,187,187,187,187,187,187,187,187,187,187,187,187,187,187,187,187,187,187,187,187,187,188,188,188,188,188,188,188,188,188,188,188,188,188,188,191,191,191,191,191,191,192,214,214,220,220,225,225,225,225,225,227,241,266,291,295,303,306,318,339,362,365,370,372,373,377,382,383,384,384,384,410,411,411,411,411,411,411,411,411,411,412,413,413,413,413,414,415,415,416,418,423,423,428,428,429,430,431,434,437,448,451,455,458,460,460,460,463,467,472,472,473,474,475,475,476,477,477,477,477,477,477,478,480,482,483,485,485,488,488,490,490,490,490,490,494,494,494,494,495,495,495,495,495,495,495,495,497,497,497,497,497,497,497,498,498,498,498,498,498,499,500,500,500,500,500,500,502,502,503,503,503,505,505,506,510,510,514,519
Greenland,Denmark,71.7069,-42.6043,0,0,0,0,0,0,0,0,0,0,0,0,0,0,0,0,0,0,0,0,0,0,0,0,0,0,0,0,0,0,0,0,0,0,0,0,0,0,0,0,0,0,0,0,0,0,0,0,0,0,0,0,0,0,1,1,1,2,2,2,4,4,5,6,6,10,10,10,10,10,10,10,10,11,11,11,11,11,11,11,11,11,11,11,11,11,11,11,11,11,11,11,11,11,11,11,11,11,11,11,11,11,11,11,11,11,11,11,11,11,11,11,11,11,11,11,11,11,11,11,11,11,11,12,12,12,13,13,13,13,13,13,13,13,13,13,13,13,13,13,13,13,13,13,13,13,13,13,13,13,13,13,13,13,13,13,13,13,13,13,13,13,13,13,13,13,13,13,13,13,13,13,13,13,13,13,13,13,13,13,13,13,13,13,13,13,13,14,14,14,14,14,14,14,14,14,14,14,14,14,14,14,14,14,14,14,14,14,14,14,14,14,14,14,14,14,14,14,14,14,14,14,14,14,14,14,14,14,14,14,14,14,14,14,14,14,14,14,14,14,14,14,14,14,14,14,14,14,14,14,14,14,14,14,14,14,14,14,14,15,15,16,16,16,16,16,16,16,16,16,16,16,16,16,17,17,17,17,17,17,17,17,17,17,17,17,17,17,17,17,17,17,17,17,17,18,18,18,18,18,18,18,18,18,18,18,18,18,18,18,18,18,18,18,18,18,18,18,18,18,18,19,19
,Denmark,56.2639,9.5018,0,0,0,0,0,0,0,0,0,0,0,0,0,0,0,0,0,0,0,0,0,0,0,0,0,0,0,0,0,0,0,0,0,0,0,0,1,1,3,4,4,6,10,10,23,23,35,90,262,442,615,801,827,864,914,977,1057,1151,1255,1326,1395,1450,1591,1724,1877,2046,2201,2395,2577,2860,3107,3386,3757,4077,4369,4681,5071,5402,5635,5819,5996,6174,6318,6511,6681,6879,7073,7242,7384,7515,7695,7912,8073,8210,8445,8575,8698,8851,9008,9158,9311,9407,9523,9670,9821,9938,10083,10218,10319,10429,10513,10591,10667,10713,10791,10858,10927,10968,11044,11117,11182,11230,11289,11360,11387,11428,11480,11512,11593,11633,11669,11699,11734,11771,11811,11875,11924,11948,11962,12001,12016,12035,12099,12139,12193,12217,12250,12294,12344,12391,12391,12391,12527,12561,12615,12636,12675,12675,12675,12751,12768,12794,12815,12832,12832,12832,12878,12888,12900,12916,12946,12946,12946,13037,13061,13092,13124,13173,13173,13173,13262,13302,13350,13390,13438,13438,13438,13547,13577,13634,13725,13789,13789,13789,13996,14073,14185,14306,14442,14442,14442,14815,14959,15070,15214,15379,15483,15617,15740,15855,15940,16056,16127,16239,16317,16397,16480,16537,16627,16700,16779,16891,16985,17084,17195,17374,17547,17736,17883,18113,18356,18607,18924,19216,19557,19890,20237,20571,20571,21393,21847,22436,22905,23323,23799,24357,24916,25594,26213,26637,27072,27464,27998,28396,28932,29302,29680,30057,30379,30710,31156,31638,32082,32422,32811,33101,33593,34023,34441,34941,35392,35844,36373,37003,37763,38622,39411,40356,41412,42157,43174,44034,45225,46351,47299,48241,49594,50530,51753,53180,54230,55121,55892,56958,57952,58963,60000,61078,62136,63331,64551,65808,67105,68362,69635,70485,71654,73021,74204,75395,76718,78354,79352,80481,81949,83535,85140,86743,88858,90603,92649,94799,97357
,Diamond Princess,0.0,0.0,0,0,0,0,0,0,0,0,0,0,0,0,0,0,0,0,61,61,64,135,135,175,175,218,285,355,454,542,621,634,634,634,691,691,691,705,705,705,705,705,705,706,706,706,706,706,706,706,706,706,706,706,706,706,706,706,712,712,712,712,712,712,712,712,712,712,712,712,712,712,712,712,712,712,712,712,712,712,712,712,712,712,712,712,712,712,712,712,712,712,712,712,712,712,712,712,712,712,712,712,712,712,712,712,712,712,712,712,712,712,712,712,712,712,712,712,712,712,712,712,712,712,712,712,712,712,712,712,712,712,712,712,712,712,712,712,712,712,712,712,712,712,712,712,712,712,712,712,712,712,712,712,712,712,712,712,712,712,712,712,712,712,712,712,712,712,712,712,712,712,712,712,712,712,712,712,712,712,712,712,712,712,712,712,712,712,712,712,712,712,712,712,712,712,712,712,712,712,712,712,712,712,712,712,712,712,712,712,712,712,712,712,712,712,712,712,712,712,712,712,712,712,712,712,712,712,712,712,712,712,712,712,712,712,712,712,712,712,712,712,712,712,712,712,712,712,712,712,712,712,712,712,712,712,712,712,712,712,712,712,712,712,712,712,712,712,712,712,712,712,712,712,712,712,712,712,712,712,712,712,712,712,712,712,712,712,712,712,712,712,712,712,712,712,712,712,712,712,712,712,712,712,712,712,712,712,712,712,712,712,712,712,712,712,712,712,712,712,712,712,712,712,712
,Djibouti,11.8251,42.5903,0,0,0,0,0,0,0,0,0,0,0,0,0,0,0,0,0,0,0,0,0,0,0,0,0,0,0,0,0,0,0,0,0,0,0,0,0,0,0,0,0,0,0,0,0,0,0,0,0,0,0,0,0,0,0,0,1,1,1,1,1,3,3,11,11,12,14,18,18,30,33,40,49,50,59,90,90,135,135,150,187,214,298,363,435,591,732,732,846,846,945,974,986,999,1008,1023,1035,1072,1077,1089,1097,1112,1112,1116,1120,1124,1133,1135,1189,1210,1227,1256,1268,1284,1309,1331,1401,1518,1618,1828,2047,2270,2270,2270,2468,2468,2697,2914,2914,3194,3354,3569,3779,3935,4054,4123,4169,4207,4278,4331,4373,4398,4441,4449,4465,4501,4539,4545,4557,4565,4565,4582,4599,4617,4630,4635,4643,4643,4643,4656,4682,4704,4715,4736,4736,4792,4822,4878,4889,4955,4968,4968,4972,4977,4979,4985,4993,5003,5003,5011,5020,5027,5030,5031,5039,5039,5050,5059,5068,5081,5081,5084,5084,5161,5240,5248,5330,5330,5338,5338,5344,5347,5348,5358,5358,5367,5367,5369,5372,5374,5374,5374,5382,5382,5382,5383,5383,5383,5383,5383,5385,5385,5387,5387,5387,5387,5387,5387,5388,5388,5388,5391,5394,5394,5394,5395,5396,5396,5399,5399,5403,5403,5403,5404,5407,5407,5407,5409,5409,5409,5410,5416,5416,5417,5417,5418,5419,5421,5423,5423,5423,5423,5423,5423,5426,5428,5440,5443,5449,5452,5459,5469,5499,5512,5522,5528,5530,5536,5541,5544,5555,5558,5559,5561,5563,5573,5575,5580,5599,5604,5605,5608,5627,5633,5635,5641,5641,5645,5649,5655,5656,5658,5658,5660,5661,5668,5668,5669,5670,5676,5676,5676,5677,5679,5680,5682,5689,5690,5692,5701,5708,5714,5717
,Dominica,15.415,-61.371,0,0,0,0,0,0,0,0,0,0,0,0,0,0,0,0,0,0,0,0,0,0,0,0,0,0,0,0,0,0,0,0,0,0,0,0,0,0,0,0,0,0,0,0,0,0,0,0,0,0,0,0,0,0,0,0,0,0,0,0,1,2,2,7,11,11,11,11,11,12,12,12,12,14,14,15,15,15,15,16,16,16,16,16,16,16,16,16,16,16,16,16,16,16,16,16,16,16,16,16,16,16,16,16,16,16,16,16,16,16,16,16,16,16,16,16,16,16,16,16,16,16,16,16,16,16,16,16,16,16,16,16,18,18,18,18,18,18,18,18,18,18,18,18,18,18,18,18,18,18,18,18,18,18,18,18,18,18,18,18,18,18,18,18,18,18,18,18,18,18,18,18,18,18,18,18,18,18,18,18,18,18,18,18,18,18,18,18,18,18,18,18,18,18,18,18,18,18,18,18,18,18,18,18,18,18,18,18,18,18,18,18,18,19,19,20,20,20,20,20,20,20,20,20,20,20,20,22,22,22,22,22,24,24,24,24,24,24,24,24,24,24,24,24,24,24,24,24,24,30,30,30,30,31,31,31,31,31,31,31,31,32,32,32,32,32,32,33,33,33,33,33,33,33,33,37,38,38,38,38,38,38,42,50,50,50,50,50,57,57,63,63,63,63,68,68,68,68,68,68,68,68,68,68,72,72,77,77,77,77,80,85,85,85,85,85,85,85,85,85,85,85,85
,Dominican Republic,18.7357,-70.1627,0,0,0,0,0,0,0,0,0,0,0,0,0,0,0,0,0,0,0,0,0,0,0,0,0,0,0,0,0,0,0,0,0,0,0,0,0,0,0,1,1,1,1,1,2,2,5,5,5,5,5,5,11,11,11,21,21,34,72,112,202,245,312,392,488,581,719,859,901,1109,1284,1380,1488,1488,1745,1828,1956,2111,2349,2620,2759,2967,3167,3286,3614,3755,4126,4335,4680,4964,5044,5300,5543,5749,5926,6135,6293,6416,6652,6972,7288,7578,7954,8235,8480,8807,9095,9376,9882,10347,10634,10900,11196,11320,11739,12110,12314,12725,13223,13477,13657,13989,14422,14801,15073,15264,15723,16068,16531,16908,17285,17572,17752,18040,18319,18708,19195,19600,20126,20415,20808,21437,22008,22572,22962,23271,23686,24105,24645,25068,25778,26677,27370,27936,28631,29141,29764,30619,31373,31816,32568,33387,34197,35148,36184,37425,38128,38430,39588,40790,41915,43114,44532,45506,46305,47671,48743,50113,51519,52855,53956,54797,56043,57615,59077,60896,62908,64156,64690,66182,67915,69649,71415,72243,73117,74295,75660,76536,77709,78778,79732,80499,81094,82224,83134,84488,85545,86309,86737,87123,88127,89010,89867,90561,91161,91608,92217,92557,92964,93390,93732,94241,94715,94979,95627,96629,96629,98776,99333,99898,100131,100937,101716,102232,103092,103660,104110,104803,105521,106136,106732,107700,108289,108783,109269,109737,110122,110597,110957,111386,111666,111900,112209,112728,113350,113926,114480,115054,115371,116148,116872,117457,118014,118477,118843,119008,119662,120066,120450,120925,121347,121667,121973,122398,122873,122873,124018,124527,124843,125008,125570,125913,126332,127018,127332,127591,127848,128278,128824,129300,129645,130182,130603,131131,131265,131636,132554,133225,133724,134203,134697,135157,136183,136784,137770,138410,138829,139111,139396,140922,141777,142653,143473,143988,144302,145197,146009,146680,147655,148453,149138,149630,150161
,Ecuador,-1.8312,-78.1834,0,0,0,0,0,0,0,0,0,0,0,0,0,0,0,0,0,0,0,0,0,0,0,0,0,0,0,0,0,0,0,0,0,0,0,0,0,0,0,6,6,7,10,13,13,13,14,15,15,17,17,17,28,28,37,58,111,199,367,506,789,981,1082,1173,1403,1595,1823,1924,1962,2240,2748,3163,3368,3465,3646,3747,3747,4450,4965,7161,7257,7466,7529,7603,7858,8225,8450,9022,9468,10128,10398,10850,11183,22719,22719,22719,23240,24258,24675,24934,26336,27464,29538,31881,31881,31881,30298,28818,29071,29559,29509,30419,30486,30502,31467,32763,33182,33582,34151,34854,35306,35828,36258,36756,37355,37355,38103,38471,38571,38571,39098,39098,40414,40966,40966,41575,42728,43120,43378,43917,44440,44440,45778,46356,46751,47322,47943,48490,49097,49731,49731,50640,50640,51643,51643,53156,53856,54574,55255,55665,56432,58257,59468,60657,61535,61958,62380,63245,63245,64221,65018,67209,67870,68459,69570,70329,71365,72444,73382,74013,74620,76217,77257,78148,79049,80036,80694,81161,82279,83193,84370,85355,86232,86232,87041,87963,88866,90537,91969,93572,94459,94701,95563,97110,98343,99409,100688,101542,101751,102941,104475,105508,106481,107089,107769,108289,109030,110549,111219,112141,112906,113648,113767,114309,115457,116360,117175,118045,118045,110092,110757,112166,113206,114732,116451,118594,118911,119553,121525,122257,124129,125620,126419,126711,127643,129892,131146,132475,133981,134747,134965,135749,137047,138584,139534,140351,141034,141339,142056,143531,145045,145848,146828,147033,147315,148171,149083,150360,151659,152422,153289,153423,154115,155625,156451,158270,159614,161635,162178,163192,164908,166302,167147,168192,169194,169562,170110,171433,171783,172508,173486,174907,175269,175711,176630,177513,178674,179627,180295,180676,181104,182250,183246,183840,184876,185643,185944,186436,187230,188138,189534,190909,192117,192685,193673,194876,195884,196482,197391,197998,198244,198752,199228
,Egypt,26.820553,30.802498,0,0,0,0,0,0,0,0,0,0,0,0,0,0,0,0,0,0,0,0,0,0,0,1,1,1,1,1,1,1,1,1,1,1,1,1,1,1,1,2,2,2,2,3,15,15,49,55,59,60,67,80,109,110,150,196,196,256,285,294,327,366,402,456,495,536,576,609,656,710,779,865,985,1070,1173,1322,1450,1560,1699,1794,1939,2065,2190,2350,2505,2673,2844,3032,3144,3333,3490,3659,3891,4092,4319,4534,4782,5042,5268,5537,5895,6193,6465,6813,7201,7588,7981,8476,8964,9400,9746,10093,10431,10829,11228,11719,12229,12764,13484,14229,15003,15786,16513,17265,17967,18756,19666,20793,22082,23449,24985,26384,27536,28615,29767,31115,32612,34079,35444,36829,38284,39726,41303,42980,44598,46289,47856,49219,50437,52211,53758,55233,56809,58141,59561,61130,62755,63923,65188,66754,68311,69814,71299,72711,74035,75253,76222,77279,78304,79254,80235,81158,82070,83001,83930,84843,85771,86474,87172,87775,88402,89078,89745,90413,91072,91583,92062,92482,92947,93356,93757,94078,94316,94483,94640,94752,94875,95006,95147,95314,95492,95666,95834,95963,96108,96220,96336,96475,96590,96753,96914,97025,97148,97237,97340,97478,97619,97825,98062,98285,98497,98727,98939,99115,99280,99425,99582,99712,99863,100041,100228,100403,100557,100708,100856,101009,101177,101340,101500,101641,101772,101900,102015,102141,102254,102375,102513,102625,102736,102840,102955,103079,103198,103317,103466,103575,103683,103781,103902,104035,104156,104262,104387,104516,104648,104787,104915,105033,105159,105297,105424,105547,105705,105883,106060,106230,106397,106540,106707,106877,107030,107209,107376,107555,107736,107925,108122,108329,108530,108754,108962,109201,109422,109654,109881,110095,110319,110547,110767,111009,111284,111613,111955,112318,112676,113027,113381,113742,114107,114475,114832,115183,115541,115911,116303,116724,117156,117583,118014,118432,118847,119281,119702
,El Salvador,13.7942,-88.8965,0,0,0,0,0,0,0,0,0,0,0,0,0,0,0,0,0,0,0,0,0,0,0,0,0,0,0,0,0,0,0,0,0,0,0,0,0,0,0,0,0,0,0,0,0,0,0,0,0,0,0,0,0,0,0,0,0,1,1,3,3,3,5,9,13,13,19,24,30,32,32,41,46,56,62,69,78,93,103,117,118,125,137,149,159,164,177,190,201,218,225,237,250,274,274,298,323,345,377,395,424,446,490,555,587,633,695,742,784,889,958,998,1037,1112,1210,1265,1338,1413,1498,1571,1640,1725,1819,1915,1983,2042,2109,2194,2278,2395,2517,2582,2653,2705,2781,2849,2934,3015,3104,3191,3274,3373,3481,3603,3720,3826,3941,4066,4200,4329,4475,4626,4808,4973,5150,5336,5517,5727,5934,6173,6438,6736,7000,7267,7507,7777,8027,8307,8566,8844,9142,9391,9674,9978,10303,10645,10957,11207,11508,11846,12207,12582,12975,13377,13792,14221,14630,15035,15446,15841,16230,16632,17050,17448,17843,18262,18701,19126,19544,19978,20423,20872,21269,21644,21993,22314,22619,22912,23193,23462,23717,23964,24200,24420,24622,24811,24986,25140,25284,25415,25537,25635,25729,25820,25904,26000,26099,26206,26308,26413,26511,26602,26688,26773,26851,26928,27009,27088,27163,27249,27346,27428,27553,27798,27954,27954,28201,28415,28415,28630,28809,28981,29077,29175,29175,29358,29450,29539,29634,29737,29842,29951,29951,30196,30196,30480,30766,31061,31265,31456,31666,31666,31975,32120,32262,32421,32585,32585,32925,32925,32925,33445,33445,33445,34015,34015,34015,34015,34782,34966,35145,35145,35145,35145,35145,36030,36195,36358,36358,36669,36669,36965,37109,37250,37250,37562,37562,37884,37884,37884,38405,38405,38405,38405,39130,39130,39130,39718,39718,40131,40345,40551,40741
,Equatorial Guinea,1.6508,10.2679,0,0,0,0,0,0,0,0,0,0,0,0,0,0,0,0,0,0,0,0,0,0,0,0,0,0,0,0,0,0,0,0,0,0,0,0,0,0,0,0,0,0,0,0,0,0,0,0,0,0,0,0,0,1,1,1,4,6,6,6,6,9,9,9,12,12,12,12,12,12,15,15,16,16,16,16,16,18,18,18,18,21,21,41,51,51,79,79,79,79,83,84,84,214,258,258,258,315,315,315,315,315,315,315,315,439,439,439,439,439,439,439,522,583,594,594,594,719,825,890,903,960,960,960,1043,1043,1043,1043,1306,1306,1306,1306,1306,1306,1306,1306,1306,1306,1306,1306,1306,1306,1306,1306,1306,1306,1664,1664,1664,1664,1664,1664,1664,1664,1664,2001,2001,2001,2001,2001,2001,2001,3071,3071,3071,3071,3071,3071,3071,3071,3071,3071,3071,3071,3071,3071,3071,3071,3071,3071,3071,3071,3071,3071,3071,3071,3071,3071,3071,3071,3071,4821,4821,4821,4821,4821,4821,4821,4821,4821,4821,4821,4821,4821,4821,4821,4821,4821,4821,4821,4892,4892,4926,4926,4926,4926,4926,4928,4928,4941,4941,4941,4941,4965,4965,4965,4972,4972,4972,4985,4985,4990,4990,4996,4996,4996,5000,5000,5000,5002,5002,5002,5002,5002,5018,5018,5018,5018,5028,5028,5028,5030,5030,5045,5045,5045,5045,5045,5052,5052,5062,5063,5063,5063,5066,5066,5068,5068,5068,5070,5070,5070,5074,5074,5074,5074,5079,5079,5079,5083,5083,5083,5083,5088,5088,5089,5089,5089,5092,5092,5092,5092,5092,5102,5102,5104,5104,5104,5104,5104,5121,5121,5121,5121,5130,5130,5137,5137,5137,5146,5146,5153,5153,5153,5156,5156,5159,5159,5159,5159,5166,5166,5183
,Eritrea,15.1794,39.7823,0,0,0,0,0,0,0,0,0,0,0,0,0,0,0,0,0,0,0,0,0,0,0,0,0,0,0,0,0,0,0,0,0,0,0,0,0,0,0,0,0,0,0,0,0,0,0,0,0,0,0,0,0,0,0,0,0,0,0,1,1,1,1,4,6,6,6,12,12,15,15,22,22,29,29,31,31,33,33,34,34,34,34,34,35,35,35,39,39,39,39,39,39,39,39,39,39,39,39,39,39,39,39,39,39,39,39,39,39,39,39,39,39,39,39,39,39,39,39,39,39,39,39,39,39,39,39,39,39,39,39,39,39,39,39,39,39,39,39,39,41,41,41,65,96,109,121,131,142,142,143,143,143,143,144,144,167,191,191,191,203,203,215,215,215,215,215,215,215,232,232,232,232,232,232,232,251,251,251,251,251,251,251,261,261,263,263,265,265,265,279,279,279,279,282,282,282,282,285,285,285,285,285,285,285,285,285,285,285,304,304,306,306,306,306,306,315,315,317,317,318,318,319,319,319,330,330,330,330,330,341,341,361,361,361,361,361,364,364,364,364,364,364,364,364,364,369,369,375,375,375,375,375,381,381,398,398,398,398,398,405,405,414,414,414,414,414,422,422,452,452,452,452,452,457,461,461,461,461,461,461,461,463,463,463,480,480,480,484,484,491,491,491,491,491,493,493,493,493,518,518,518,527,527,551,551,558,558,558,566,566,577,577,577,577,577,594,632,632,632,649,649,649
,Estonia,58.5953,25.0136,0,0,0,0,0,0,0,0,0,0,0,0,0,0,0,0,0,0,0,0,0,0,0,0,0,0,0,0,0,0,0,0,0,0,0,0,1,1,1,1,1,2,2,3,10,10,10,10,12,16,16,79,115,171,205,225,258,267,283,306,326,352,369,404,538,575,645,679,715,745,779,858,961,1039,1097,1108,1149,1185,1207,1258,1304,1309,1332,1373,1400,1434,1459,1512,1528,1535,1552,1559,1592,1605,1635,1643,1647,1660,1666,1689,1694,1699,1700,1703,1711,1713,1720,1725,1733,1739,1741,1746,1751,1758,1766,1770,1774,1784,1791,1794,1800,1807,1821,1823,1824,1834,1840,1851,1859,1865,1869,1870,1870,1880,1890,1910,1931,1939,1940,1947,1958,1965,1970,1973,1973,1974,1975,1977,1977,1979,1981,1981,1981,1982,1983,1984,1986,1986,1987,1987,1989,1989,1990,1991,1993,1993,1994,1995,2003,2011,2013,2014,2014,2014,2015,2016,2016,2020,2021,2021,2021,2022,2025,2027,2028,2033,2034,2034,2038,2042,2051,2064,2072,2079,2080,2091,2113,2124,2133,2147,2152,2158,2167,2174,2174,2177,2184,2190,2192,2200,2207,2227,2244,2265,2272,2275,2294,2311,2325,2343,2363,2373,2375,2395,2415,2441,2456,2491,2516,2532,2564,2585,2600,2632,2655,2676,2698,2722,2756,2778,2814,2875,2924,2941,2976,3033,3076,3118,3165,3200,3267,3315,3371,3450,3507,3577,3607,3617,3659,3715,3760,3809,3846,3865,3883,3908,3947,3980,4017,4052,4078,4085,4127,4171,4247,4300,4351,4411,4428,4465,4590,4671,4771,4905,4985,5046,5125,5333,5464,5705,5933,6125,6250,6376,6508,6881,7148,7412,7637,7848,8033,8304,8715,9076,9375,9724,9956,10159,10541,10955,11323,11698,12052,12308,12497,13019,13469,13939,14500,14978,15226,15510,16054
,Eswatini,-26.5225,31.4659,0,0,0,0,0,0,0,0,0,0,0,0,0,0,0,0,0,0,0,0,0,0,0,0,0,0,0,0,0,0,0,0,0,0,0,0,0,0,0,0,0,0,0,0,0,0,0,0,0,0,0,0,1,1,1,1,1,1,1,1,4,4,4,4,6,9,9,9,9,9,9,9,9,9,9,10,10,12,12,12,12,14,15,15,15,16,16,22,22,24,31,31,31,36,56,59,65,71,91,100,106,108,112,116,119,123,153,159,163,172,175,184,187,187,190,202,203,205,208,217,220,225,238,250,256,261,272,279,279,283,285,293,294,295,300,305,322,333,340,371,398,449,472,486,490,506,520,563,586,623,627,635,643,674,690,706,728,745,781,795,812,840,873,909,954,988,1011,1056,1138,1213,1257,1311,1351,1389,1434,1489,1552,1619,1729,1793,1826,1894,1938,2021,2073,2142,2207,2316,2404,2551,2577,2648,2706,2775,2838,2856,2909,2968,3036,3128,3236,3309,3410,3525,3599,3670,3745,3839,3894,3989,4058,4110,4128,4189,4225,4304,4327,4387,4433,4461,4510,4561,4577,4618,4668,4720,4780,4819,4853,4884,4904,4936,4994,5025,5050,5075,5104,5128,5155,5191,5215,5245,5269,5282,5307,5343,5375,5399,5419,5431,5452,5462,5482,5500,5521,5530,5569,5579,5598,5617,5632,5644,5660,5669,5683,5696,5715,5733,5746,5765,5780,5788,5800,5805,5814,5831,5847,5854,5863,5875,5886,5899,5909,5917,5925,5929,5942,5955,5967,5976,5989,6003,6013,6024,6044,6060,6076,6093,6095,6105,6124,6144,6156,6185,6205,6219,6233,6247,6272,6329,6362,6406,6410,6419,6442,6455,6474,6480,6495,6501,6529,6563,6612
,Ethiopia,9.145,40.4897,0,0,0,0,0,0,0,0,0,0,0,0,0,0,0,0,0,0,0,0,0,0,0,0,0,0,0,0,0,0,0,0,0,0,0,0,0,0,0,0,0,0,0,0,0,0,0,0,0,0,0,1,1,1,5,5,6,6,9,9,11,11,12,12,12,16,16,21,23,26,29,29,35,38,43,44,52,55,56,65,69,71,74,82,85,92,96,105,108,111,114,116,116,117,122,123,124,126,130,131,133,133,135,140,145,162,191,194,210,239,250,261,263,272,287,306,317,352,365,389,399,433,494,582,655,701,731,831,968,1063,1172,1257,1344,1486,1636,1805,1934,2020,2156,2336,2506,2670,2915,3166,3345,3521,3630,3759,3954,4070,4469,4532,4663,4848,5034,5175,5425,5570,5689,5846,5846,5846,5846,5846,5846,5846,5846,5846,6774,6973,7120,7402,7560,7766,7969,8181,8475,8803,9147,9503,10207,11072,11524,11933,12693,13248,13968,14547,15200,15810,16615,17530,17999,18706,19289,19877,20336,20900,21452,22253,22818,23591,24175,25118,26204,27242,28894,29876,31336,32722,34058,35836,37665,39033,40671,42143,43688,45221,46407,48140,49654,51122,52131,53304,54409,55213,56516,57466,58672,59648,60784,61700,62578,63367,63888,64301,64786,65486,66224,66913,67515,68131,68820,69709,70422,71083,71687,72173,72700,73332,73944,74584,75368,76098,76988,77860,78819,79437,80003,80895,81797,82662,83429,84295,85136,85718,86430,87169,87834,88434,89137,89860,90490,91118,91693,92229,92858,93343,93707,94218,94820,95301,95789,96169,96583,96942,97502,97881,98391,98746,99201,99675,99982,100327,100727,101248,101757,102321,102720,103056,103395,103928,104427,104879,105352,105785,106203,106591,107109,107669,108438,108930,109534,110074,110554,110984,111579,112091,112740,113295,113735,114266,114834
,Fiji,-17.7134,178.065,0,0,0,0,0,0,0,0,0,0,0,0,0,0,0,0,0,0,0,0,0,0,0,0,0,0,0,0,0,0,0,0,0,0,0,0,0,0,0,0,0,0,0,0,0,0,0,0,0,0,0,0,0,0,0,0,0,1,1,1,2,3,4,5,5,5,5,5,5,5,5,7,7,12,12,14,15,15,15,16,16,16,16,16,16,17,17,17,17,18,18,18,18,18,18,18,18,18,18,18,18,18,18,18,18,18,18,18,18,18,18,18,18,18,18,18,18,18,18,18,18,18,18,18,18,18,18,18,18,18,18,18,18,18,18,18,18,18,18,18,18,18,18,18,18,18,18,18,18,18,18,18,18,18,18,18,18,18,18,18,18,18,18,18,18,19,21,21,21,26,26,26,26,26,26,26,26,26,26,27,27,27,27,27,27,27,27,27,27,27,27,27,27,27,27,27,27,27,27,27,27,27,27,27,28,28,28,28,28,28,28,28,28,28,28,28,28,28,28,28,28,28,28,29,29,29,29,31,31,31,31,32,32,32,32,32,32,32,32,32,32,32,32,32,32,32,32,32,32,32,32,32,32,32,32,32,32,32,32,32,32,32,32,32,32,32,32,32,32,32,32,32,32,33,33,33,33,33,33,33,33,34,34,34,34,34,34,34,34,34,34,34,34,34,35,35,35,35,35,35,35,35,35,35,35,35,35,38,38,38,38,38,38,42,42,42,42,44,44,44,44,44,44
,Finland,61.92411,25.748151,0,0,0,0,0,0,0,1,1,1,1,1,1,1,1,1,1,1,1,1,1,1,1,1,1,1,1,1,1,1,1,1,1,1,1,2,2,2,3,6,6,6,6,12,15,15,23,30,40,59,59,155,225,244,277,321,336,400,450,523,626,700,792,880,958,1041,1167,1240,1352,1418,1446,1518,1615,1882,1927,2176,2308,2487,2605,2769,2905,2974,3064,3161,3237,3369,3489,3681,3783,3868,4014,4129,4284,4395,4475,4576,4695,4740,4906,4995,5051,5176,5254,5327,5412,5573,5673,5738,5880,5962,5984,6003,6054,6145,6228,6286,6347,6380,6399,6443,6493,6537,6568,6579,6599,6628,6692,6743,6776,6826,6859,6885,6887,6911,6911,6941,6964,6981,7001,7025,7040,7064,7073,7087,7104,7108,7112,7117,7119,7133,7142,7143,7144,7155,7167,7172,7191,7198,7198,7209,7214,7236,7241,7242,7248,7253,7257,7262,7265,7273,7279,7291,7294,7295,7301,7296,7293,7301,7318,7335,7340,7351,7362,7372,7380,7388,7393,7398,7404,7414,7423,7432,7443,7453,7466,7483,7512,7532,7554,7568,7584,7601,7623,7642,7683,7700,7720,7731,7752,7776,7805,7842,7871,7906,7920,7938,7981,8002,8019,8042,8049,8077,8086,8142,8161,8200,8225,8261,8291,8327,8337,8430,8469,8512,8557,8580,8627,8725,8750,8799,8858,8922,8980,9046,9195,9288,9379,9484,9577,9682,9743,9892,9992,10103,10244,10391,10538,10702,10929,11049,11345,11580,11849,11998,12212,12499,12703,12944,13133,13293,13424,13555,13849,14071,14255,14474,14652,14848,14970,15163,15378,15566,15910,16113,16291,16400,16637,16930,17119,17385,17385,17797,17887,18107,18345,18542,18858,19102,19315,19419,19647,19935,20286,20747,21216,21639,21936,22289,22652,23148,23766,24307,24629,24912,25462,25882,26422,26758,27218,27631,27881,28242,28732
